1.1.1.205,P12268,DB00157,approved
1.1.1.205,P12268,DB00157,nutraceutical
1.1.1.205,P12268,DB00688,approved
1.1.1.205,P12268,DB00688,investigational
1.1.1.205,P12268,DB01024,approved
1.1.1.205,P12268,DB01024,investigational
1.1.1.205,P20839,DB00157,approved
1.1.1.205,P20839,DB00157,nutraceutical
1.1.1.205,P20839,DB00688,approved
1.1.1.205,P20839,DB00688,investigational
1.1.1.205,P20839,DB01024,approved
1.1.1.205,P20839,DB01024,investigational
1.1.1.23,P06988,DB03366,experimental
1.1.1.23,P06988,DB03366,investigational
1.1.1.267,P45568,DB02948,experimental
1.1.1.267,P45568,DB02948,investigational
1.1.1.42,O75874,DB09374,approved
1.1.1.42,O75874,DB09374,investigational
1.1.1.42,O75874,DB14568,approved
1.1.1.42,O75874,DB14568,investigational
1.1.1.42,O75874,DB16267,approved
1.1.1.42,O75874,DB16267,investigational
1.1.1.42,P39126,DB04272,approved
1.1.1.42,P39126,DB04272,nutraceutical
1.1.1.42,P39126,DB04272,vet_approved
1.1.1.42,P48735,DB13874,approved
1.1.1.42,P48735,DB13874,investigational
1.1.1.95,O43175,DB00157,approved
1.1.1.95,O43175,DB00157,nutraceutical
1.17.4.1,P23921,DB00242,approved
1.17.4.1,P23921,DB00242,investigational
1.17.4.1,P23921,DB00631,approved
1.17.4.1,P23921,DB00631,investigational
1.17.4.1,P23921,DB01280,approved
1.17.4.1,P23921,DB01280,investigational
1.17.4.1,P31350,DB00242,approved
1.17.4.1,P31350,DB00242,investigational
1.17.4.1,P31350,DB05260,approved
1.17.4.1,P31350,DB05260,investigational
1.17.4.1,P69924,DB09462,approved
1.17.4.1,P69924,DB09462,investigational
1.17.4.1,Q7LG56,DB00242,approved
1.17.4.1,Q7LG56,DB00242,investigational
1.17.4.1,Q9CBQ2,DB04272,approved
1.17.4.1,Q9CBQ2,DB04272,nutraceutical
1.17.4.1,Q9CBQ2,DB04272,vet_approved
1.5.1.20,P42898,DB00115,approved
1.5.1.20,P42898,DB00115,nutraceutical
1.5.1.20,P42898,DB00134,approved
1.5.1.20,P42898,DB00134,nutraceutical
1.5.1.20,P42898,DB00140,approved
1.5.1.20,P42898,DB00140,investigational
1.5.1.20,P42898,DB00140,nutraceutical
1.5.1.20,P42898,DB00140,vet_approved
1.5.1.20,P42898,DB00158,approved
1.5.1.20,P42898,DB00158,nutraceutical
1.5.1.20,P42898,DB00158,vet_approved
1.5.1.20,P42898,DB00170,approved
1.5.1.20,P42898,DB00170,nutraceutical
1.5.1.20,P42898,DB00542,approved
1.5.1.20,P42898,DB00542,investigational
1.6.4.5,Q16881,DB00126,approved
1.6.4.5,Q16881,DB00126,nutraceutical
1.6.4.5,Q16881,DB01169,approved
1.6.4.5,Q16881,DB01169,investigational
1.6.4.5,Q16881,DB11127,approved
1.6.4.5,Q16881,DB11127,investigational
1.6.4.5,Q16881,DB11135,approved
1.6.4.5,Q16881,DB11135,investigational
1.6.4.5,Q16881,DB11135,vet_approved
1.8.1,P09622,DB00145,approved
1.8.1,P09622,DB00145,nutraceutical
1.8.1,P09622,DB00145,vet_approved
1.8.1,P09622,DB00157,approved
1.8.1,P09622,DB00157,nutraceutical
2.1.1.13,Q99707,DB00115,approved
2.1.1.13,Q99707,DB00115,nutraceutical
2.1.1.13,Q99707,DB00134,approved
2.1.1.13,Q99707,DB00134,nutraceutical
2.1.1.13,Q99707,DB03614,approved
2.1.1.13,Q99707,DB03614,investigational
2.1.1.13,Q99707,DB11256,approved
2.1.1.13,Q99707,DB11256,investigational
2.1.3.3,P00480,DB00129,approved
2.1.3.3,P00480,DB00129,nutraceutical
2.1.3.3,P00480,DB00155,investigational
2.1.3.3,P00480,DB00155,nutraceutical
2.2.1.6,P27696,DB01987,approved
2.2.1.6,P27696,DB01987,experimental
2.3.1.-,P49327,DB01083,approved
2.3.1.-,P49327,DB01083,investigational
2.3.1.117,P56220,DB01992,investigational
2.3.1.117,P56220,DB01992,nutraceutical
2.3.1.85,P49327,DB01083,approved
2.3.1.85,P49327,DB01083,investigational
2.4.1.15,P31677,DB03366,experimental
2.4.1.15,P31677,DB03366,investigational
2.4.2.-,P01019,DB01593,approved
2.4.2.-,P01019,DB01593,investigational
2.4.2.-,P01019,DB09130,approved
2.4.2.-,P01019,DB09130,investigational
2.4.2.-,P01019,DB14487,approved
2.4.2.-,P01019,DB14487,investigational
2.4.2.-,P01589,DB00004,approved
2.4.2.-,P01589,DB00004,investigational
2.4.2.-,P01589,DB00074,approved
2.4.2.-,P01589,DB00074,investigational
2.4.2.-,P01589,DB00111,investigational
2.4.2.-,P01589,DB00111,withdrawn
2.4.2.-,P08684,DB00091,approved
2.4.2.-,P08684,DB00091,investigational
2.4.2.-,P08684,DB00091,vet_approved
2.4.2.-,P08684,DB00104,approved
2.4.2.-,P08684,DB00104,investigational
2.4.2.-,P08684,DB00136,approved
2.4.2.-,P08684,DB00136,nutraceutical
2.4.2.-,P08684,DB00143,approved
2.4.2.-,P08684,DB00143,investigational
2.4.2.-,P08684,DB00143,nutraceutical
2.4.2.-,P08684,DB00163,approved
2.4.2.-,P08684,DB00163,nutraceutical
2.4.2.-,P08684,DB00163,vet_approved
2.4.2.-,P08684,DB00169,approved
2.4.2.-,P08684,DB00169,nutraceutical
2.4.2.-,P08684,DB00170,approved
2.4.2.-,P08684,DB00170,nutraceutical
2.4.2.-,P08684,DB00176,approved
2.4.2.-,P08684,DB00176,investigational
2.4.2.-,P08684,DB00180,approved
2.4.2.-,P08684,DB00180,investigational
2.4.2.-,P08684,DB00188,approved
2.4.2.-,P08684,DB00188,investigational
2.4.2.-,P08684,DB00191,approved
2.4.2.-,P08684,DB00191,illicit
2.4.2.-,P08684,DB00193,approved
2.4.2.-,P08684,DB00193,investigational
2.4.2.-,P08684,DB00196,approved
2.4.2.-,P08684,DB00196,investigational
2.4.2.-,P08684,DB00197,approved
2.4.2.-,P08684,DB00197,investigational
2.4.2.-,P08684,DB00197,withdrawn
2.4.2.-,P08684,DB00199,approved
2.4.2.-,P08684,DB00199,investigational
2.4.2.-,P08684,DB00199,vet_approved
2.4.2.-,P08684,DB00203,approved
2.4.2.-,P08684,DB00203,investigational
2.4.2.-,P08684,DB00204,approved
2.4.2.-,P08684,DB00204,investigational
2.4.2.-,P08684,DB00216,approved
2.4.2.-,P08684,DB00216,investigational
2.4.2.-,P08684,DB00227,approved
2.4.2.-,P08684,DB00227,investigational
2.4.2.-,P08684,DB00231,approved
2.4.2.-,P08684,DB00231,investigational
2.4.2.-,P08684,DB00234,approved
2.4.2.-,P08684,DB00234,experimental
2.4.2.-,P08684,DB00243,approved
2.4.2.-,P08684,DB00243,investigational
2.4.2.-,P08684,DB00250,approved
2.4.2.-,P08684,DB00250,investigational
2.4.2.-,P08684,DB00252,approved
2.4.2.-,P08684,DB00252,vet_approved
2.4.2.-,P08684,DB00254,approved
2.4.2.-,P08684,DB00254,investigational
2.4.2.-,P08684,DB00254,vet_approved
2.4.2.-,P08684,DB00255,approved
2.4.2.-,P08684,DB00255,investigational
2.4.2.-,P08684,DB00255,withdrawn
2.4.2.-,P08684,DB00257,approved
2.4.2.-,P08684,DB00257,vet_approved
2.4.2.-,P08684,DB00264,approved
2.4.2.-,P08684,DB00264,investigational
2.4.2.-,P08684,DB00270,approved
2.4.2.-,P08684,DB00270,investigational
2.4.2.-,P08684,DB00278,approved
2.4.2.-,P08684,DB00278,investigational
2.4.2.-,P08684,DB00281,approved
2.4.2.-,P08684,DB00281,vet_approved
2.4.2.-,P08684,DB00294,approved
2.4.2.-,P08684,DB00294,investigational
2.4.2.-,P08684,DB00295,approved
2.4.2.-,P08684,DB00295,investigational
2.4.2.-,P08684,DB00297,approved
2.4.2.-,P08684,DB00297,investigational
2.4.2.-,P08684,DB00301,approved
2.4.2.-,P08684,DB00301,investigational
2.4.2.-,P08684,DB00307,approved
2.4.2.-,P08684,DB00307,investigational
2.4.2.-,P08684,DB00309,approved
2.4.2.-,P08684,DB00309,investigational
2.4.2.-,P08684,DB00312,approved
2.4.2.-,P08684,DB00312,investigational
2.4.2.-,P08684,DB00312,vet_approved
2.4.2.-,P08684,DB00313,approved
2.4.2.-,P08684,DB00313,investigational
2.4.2.-,P08684,DB00317,approved
2.4.2.-,P08684,DB00317,investigational
2.4.2.-,P08684,DB00318,approved
2.4.2.-,P08684,DB00318,illicit
2.4.2.-,P08684,DB00320,approved
2.4.2.-,P08684,DB00320,investigational
2.4.2.-,P08684,DB00324,approved
2.4.2.-,P08684,DB00324,investigational
2.4.2.-,P08684,DB00334,approved
2.4.2.-,P08684,DB00334,investigational
2.4.2.-,P08684,DB00337,approved
2.4.2.-,P08684,DB00337,investigational
2.4.2.-,P08684,DB00338,approved
2.4.2.-,P08684,DB00338,investigational
2.4.2.-,P08684,DB00338,vet_approved
2.4.2.-,P08684,DB00342,approved
2.4.2.-,P08684,DB00342,withdrawn
2.4.2.-,P08684,DB00343,approved
2.4.2.-,P08684,DB00343,investigational
2.4.2.-,P08684,DB00346,approved
2.4.2.-,P08684,DB00346,investigational
2.4.2.-,P08684,DB00349,approved
2.4.2.-,P08684,DB00349,illicit
2.4.2.-,P08684,DB00351,approved
2.4.2.-,P08684,DB00351,investigational
2.4.2.-,P08684,DB00351,vet_approved
2.4.2.-,P08684,DB00357,approved
2.4.2.-,P08684,DB00357,investigational
2.4.2.-,P08684,DB00358,approved
2.4.2.-,P08684,DB00358,investigational
2.4.2.-,P08684,DB00359,approved
2.4.2.-,P08684,DB00359,investigational
2.4.2.-,P08684,DB00359,vet_approved
2.4.2.-,P08684,DB00361,approved
2.4.2.-,P08684,DB00361,investigational
2.4.2.-,P08684,DB00365,approved
2.4.2.-,P08684,DB00365,investigational
2.4.2.-,P08684,DB00365,withdrawn
2.4.2.-,P08684,DB00367,approved
2.4.2.-,P08684,DB00367,investigational
2.4.2.-,P08684,DB00377,approved
2.4.2.-,P08684,DB00377,investigational
2.4.2.-,P08684,DB00378,approved
2.4.2.-,P08684,DB00378,investigational
2.4.2.-,P08684,DB00378,withdrawn
2.4.2.-,P08684,DB00379,approved
2.4.2.-,P08684,DB00379,investigational
2.4.2.-,P08684,DB00393,approved
2.4.2.-,P08684,DB00393,investigational
2.4.2.-,P08684,DB00394,approved
2.4.2.-,P08684,DB00394,investigational
2.4.2.-,P08684,DB00396,approved
2.4.2.-,P08684,DB00396,vet_approved
2.4.2.-,P08684,DB00398,approved
2.4.2.-,P08684,DB00398,investigational
2.4.2.-,P08684,DB00400,approved
2.4.2.-,P08684,DB00400,investigational
2.4.2.-,P08684,DB00400,vet_approved
2.4.2.-,P08684,DB00402,approved
2.4.2.-,P08684,DB00402,investigational
2.4.2.-,P08684,DB00404,approved
2.4.2.-,P08684,DB00404,illicit
2.4.2.-,P08684,DB00404,investigational
2.4.2.-,P08684,DB00409,approved
2.4.2.-,P08684,DB00409,withdrawn
2.4.2.-,P08684,DB00412,approved
2.4.2.-,P08684,DB00412,investigational
2.4.2.-,P08684,DB00420,approved
2.4.2.-,P08684,DB00420,vet_approved
2.4.2.-,P08684,DB00439,approved
2.4.2.-,P08684,DB00439,withdrawn
2.4.2.-,P08684,DB00440,approved
2.4.2.-,P08684,DB00440,vet_approved
2.4.2.-,P08684,DB00443,approved
2.4.2.-,P08684,DB00443,vet_approved
2.4.2.-,P08684,DB00446,approved
2.4.2.-,P08684,DB00446,vet_approved
2.4.2.-,P08684,DB00446,withdrawn
2.4.2.-,P08684,DB00448,approved
2.4.2.-,P08684,DB00448,investigational
2.4.2.-,P08684,DB00455,approved
2.4.2.-,P08684,DB00455,investigational
2.4.2.-,P08684,DB00470,approved
2.4.2.-,P08684,DB00470,illicit
2.4.2.-,P08684,DB00472,approved
2.4.2.-,P08684,DB00472,vet_approved
2.4.2.-,P08684,DB00475,approved
2.4.2.-,P08684,DB00475,illicit
2.4.2.-,P08684,DB00475,investigational
2.4.2.-,P08684,DB00477,approved
2.4.2.-,P08684,DB00477,investigational
2.4.2.-,P08684,DB00477,vet_approved
2.4.2.-,P08684,DB00481,approved
2.4.2.-,P08684,DB00481,investigational
2.4.2.-,P08684,DB00482,approved
2.4.2.-,P08684,DB00482,investigational
2.4.2.-,P08684,DB00485,approved
2.4.2.-,P08684,DB00485,investigational
2.4.2.-,P08684,DB00485,vet_approved
2.4.2.-,P08684,DB00486,approved
2.4.2.-,P08684,DB00486,investigational
2.4.2.-,P08684,DB00490,approved
2.4.2.-,P08684,DB00490,investigational
2.4.2.-,P08684,DB00496,approved
2.4.2.-,P08684,DB00496,investigational
2.4.2.-,P08684,DB00497,approved
2.4.2.-,P08684,DB00497,illicit
2.4.2.-,P08684,DB00497,investigational
2.4.2.-,P08684,DB00499,approved
2.4.2.-,P08684,DB00499,investigational
2.4.2.-,P08684,DB00501,approved
2.4.2.-,P08684,DB00501,investigational
2.4.2.-,P08684,DB00503,approved
2.4.2.-,P08684,DB00503,investigational
2.4.2.-,P08684,DB00518,approved
2.4.2.-,P08684,DB00518,vet_approved
2.4.2.-,P08684,DB00528,approved
2.4.2.-,P08684,DB00528,investigational
2.4.2.-,P08684,DB00530,approved
2.4.2.-,P08684,DB00530,investigational
2.4.2.-,P08684,DB00531,approved
2.4.2.-,P08684,DB00531,investigational
2.4.2.-,P08684,DB00533,approved
2.4.2.-,P08684,DB00533,investigational
2.4.2.-,P08684,DB00533,withdrawn
2.4.2.-,P08684,DB00537,approved
2.4.2.-,P08684,DB00537,investigational
2.4.2.-,P08684,DB00539,approved
2.4.2.-,P08684,DB00539,investigational
2.4.2.-,P08684,DB00541,approved
2.4.2.-,P08684,DB00541,investigational
2.4.2.-,P08684,DB00545,approved
2.4.2.-,P08684,DB00545,investigational
2.4.2.-,P08684,DB00549,approved
2.4.2.-,P08684,DB00549,investigational
2.4.2.-,P08684,DB00559,approved
2.4.2.-,P08684,DB00559,investigational
2.4.2.-,P08684,DB00564,approved
2.4.2.-,P08684,DB00564,investigational
2.4.2.-,P08684,DB00568,approved
2.4.2.-,P08684,DB00568,investigational
2.4.2.-,P08684,DB00571,approved
2.4.2.-,P08684,DB00571,investigational
2.4.2.-,P08684,DB00574,approved
2.4.2.-,P08684,DB00574,illicit
2.4.2.-,P08684,DB00574,investigational
2.4.2.-,P08684,DB00574,withdrawn
2.4.2.-,P08684,DB00580,approved
2.4.2.-,P08684,DB00580,investigational
2.4.2.-,P08684,DB00580,withdrawn
2.4.2.-,P08684,DB00586,approved
2.4.2.-,P08684,DB00586,vet_approved
2.4.2.-,P08684,DB00589,approved
2.4.2.-,P08684,DB00589,investigational
2.4.2.-,P08684,DB00591,approved
2.4.2.-,P08684,DB00591,investigational
2.4.2.-,P08684,DB00591,vet_approved
2.4.2.-,P08684,DB00599,approved
2.4.2.-,P08684,DB00599,vet_approved
2.4.2.-,P08684,DB00602,approved
2.4.2.-,P08684,DB00602,investigational
2.4.2.-,P08684,DB00602,vet_approved
2.4.2.-,P08684,DB00603,approved
2.4.2.-,P08684,DB00603,investigational
2.4.2.-,P08684,DB00604,approved
2.4.2.-,P08684,DB00604,investigational
2.4.2.-,P08684,DB00604,withdrawn
2.4.2.-,P08684,DB00607,approved
2.4.2.-,P08684,DB00607,investigational
2.4.2.-,P08684,DB00608,approved
2.4.2.-,P08684,DB00608,investigational
2.4.2.-,P08684,DB00608,vet_approved
2.4.2.-,P08684,DB00615,approved
2.4.2.-,P08684,DB00615,investigational
2.4.2.-,P08684,DB00620,approved
2.4.2.-,P08684,DB00620,vet_approved
2.4.2.-,P08684,DB00622,approved
2.4.2.-,P08684,DB00622,investigational
2.4.2.-,P08684,DB00624,approved
2.4.2.-,P08684,DB00624,investigational
2.4.2.-,P08684,DB00625,approved
2.4.2.-,P08684,DB00625,investigational
2.4.2.-,P08684,DB00627,approved
2.4.2.-,P08684,DB00627,investigational
2.4.2.-,P08684,DB00627,nutraceutical
2.4.2.-,P08684,DB00628,approved
2.4.2.-,P08684,DB00628,illicit
2.4.2.-,P08684,DB00635,approved
2.4.2.-,P08684,DB00635,vet_approved
2.4.2.-,P08684,DB00636,approved
2.4.2.-,P08684,DB00636,investigational
2.4.2.-,P08684,DB00637,approved
2.4.2.-,P08684,DB00637,withdrawn
2.4.2.-,P08684,DB00643,approved
2.4.2.-,P08684,DB00643,vet_approved
2.4.2.-,P08684,DB00647,approved
2.4.2.-,P08684,DB00647,illicit
2.4.2.-,P08684,DB00647,investigational
2.4.2.-,P08684,DB00647,withdrawn
2.4.2.-,P08684,DB00656,approved
2.4.2.-,P08684,DB00656,investigational
2.4.2.-,P08684,DB00663,approved
2.4.2.-,P08684,DB00663,vet_approved
2.4.2.-,P08684,DB00668,approved
2.4.2.-,P08684,DB00668,vet_approved
2.4.2.-,P08684,DB00673,approved
2.4.2.-,P08684,DB00673,investigational
2.4.2.-,P08684,DB00683,approved
2.4.2.-,P08684,DB00683,illicit
2.4.2.-,P08684,DB00687,approved
2.4.2.-,P08684,DB00687,investigational
2.4.2.-,P08684,DB00688,approved
2.4.2.-,P08684,DB00688,investigational
2.4.2.-,P08684,DB00690,approved
2.4.2.-,P08684,DB00690,illicit
2.4.2.-,P08684,DB00690,investigational
2.4.2.-,P08684,DB00701,approved
2.4.2.-,P08684,DB00701,investigational
2.4.2.-,P08684,DB00706,approved
2.4.2.-,P08684,DB00706,investigational
2.4.2.-,P08684,DB00708,approved
2.4.2.-,P08684,DB00708,investigational
2.4.2.-,P08684,DB00714,approved
2.4.2.-,P08684,DB00714,investigational
2.4.2.-,P08684,DB00715,approved
2.4.2.-,P08684,DB00715,investigational
2.4.2.-,P08684,DB00724,approved
2.4.2.-,P08684,DB00724,investigational
2.4.2.-,P08684,DB00731,approved
2.4.2.-,P08684,DB00731,investigational
2.4.2.-,P08684,DB00734,approved
2.4.2.-,P08684,DB00734,investigational
2.4.2.-,P08684,DB00736,approved
2.4.2.-,P08684,DB00736,investigational
2.4.2.-,P08684,DB00741,approved
2.4.2.-,P08684,DB00741,vet_approved
2.4.2.-,P08684,DB00744,approved
2.4.2.-,P08684,DB00744,investigational
2.4.2.-,P08684,DB00744,withdrawn
2.4.2.-,P08684,DB00745,approved
2.4.2.-,P08684,DB00745,investigational
2.4.2.-,P08684,DB00747,approved
2.4.2.-,P08684,DB00747,investigational
2.4.2.-,P08684,DB00751,approved
2.4.2.-,P08684,DB00751,investigational
2.4.2.-,P08684,DB00752,approved
2.4.2.-,P08684,DB00752,investigational
2.4.2.-,P08684,DB00755,approved
2.4.2.-,P08684,DB00755,investigational
2.4.2.-,P08684,DB00755,nutraceutical
2.4.2.-,P08684,DB00757,approved
2.4.2.-,P08684,DB00757,investigational
2.4.2.-,P08684,DB00759,approved
2.4.2.-,P08684,DB00759,vet_approved
2.4.2.-,P08684,DB00759,withdrawn
2.4.2.-,P08684,DB00762,approved
2.4.2.-,P08684,DB00762,investigational
2.4.2.-,P08684,DB00778,approved
2.4.2.-,P08684,DB00778,investigational
2.4.2.-,P08684,DB00778,withdrawn
2.4.2.-,P08684,DB00783,approved
2.4.2.-,P08684,DB00783,investigational
2.4.2.-,P08684,DB00783,vet_approved
2.4.2.-,P08684,DB00794,approved
2.4.2.-,P08684,DB00794,vet_approved
2.4.2.-,P08684,DB00802,approved
2.4.2.-,P08684,DB00802,illicit
2.4.2.-,P08684,DB00812,approved
2.4.2.-,P08684,DB00812,vet_approved
2.4.2.-,P08684,DB00813,approved
2.4.2.-,P08684,DB00813,illicit
2.4.2.-,P08684,DB00813,investigational
2.4.2.-,P08684,DB00813,vet_approved
2.4.2.-,P08684,DB00814,approved
2.4.2.-,P08684,DB00814,vet_approved
2.4.2.-,P08684,DB00819,approved
2.4.2.-,P08684,DB00819,vet_approved
2.4.2.-,P08684,DB00820,approved
2.4.2.-,P08684,DB00820,investigational
2.4.2.-,P08684,DB00829,approved
2.4.2.-,P08684,DB00829,illicit
2.4.2.-,P08684,DB00829,investigational
2.4.2.-,P08684,DB00829,vet_approved
2.4.2.-,P08684,DB00834,approved
2.4.2.-,P08684,DB00834,investigational
2.4.2.-,P08684,DB00845,approved
2.4.2.-,P08684,DB00845,investigational
2.4.2.-,P08684,DB00856,approved
2.4.2.-,P08684,DB00856,experimental
2.4.2.-,P08684,DB00857,approved
2.4.2.-,P08684,DB00857,investigational
2.4.2.-,P08684,DB00857,vet_approved
2.4.2.-,P08684,DB00860,approved
2.4.2.-,P08684,DB00860,vet_approved
2.4.2.-,P08684,DB00863,approved
2.4.2.-,P08684,DB00863,withdrawn
2.4.2.-,P08684,DB00864,approved
2.4.2.-,P08684,DB00864,investigational
2.4.2.-,P08684,DB00865,approved
2.4.2.-,P08684,DB00865,illicit
2.4.2.-,P08684,DB00872,approved
2.4.2.-,P08684,DB00872,investigational
2.4.2.-,P08684,DB00877,approved
2.4.2.-,P08684,DB00877,investigational
2.4.2.-,P08684,DB00889,approved
2.4.2.-,P08684,DB00889,investigational
2.4.2.-,P08684,DB00897,approved
2.4.2.-,P08684,DB00897,investigational
2.4.2.-,P08684,DB00904,approved
2.4.2.-,P08684,DB00904,withdrawn
2.4.2.-,P08684,DB00905,approved
2.4.2.-,P08684,DB00905,investigational
2.4.2.-,P08684,DB00906,approved
2.4.2.-,P08684,DB00906,investigational
2.4.2.-,P08684,DB00907,approved
2.4.2.-,P08684,DB00907,illicit
2.4.2.-,P08684,DB00908,approved
2.4.2.-,P08684,DB00908,investigational
2.4.2.-,P08684,DB00909,approved
2.4.2.-,P08684,DB00909,investigational
2.4.2.-,P08684,DB00910,approved
2.4.2.-,P08684,DB00910,investigational
2.4.2.-,P08684,DB00911,approved
2.4.2.-,P08684,DB00911,investigational
2.4.2.-,P08684,DB00912,approved
2.4.2.-,P08684,DB00912,investigational
2.4.2.-,P08684,DB00918,approved
2.4.2.-,P08684,DB00918,investigational
2.4.2.-,P08684,DB00921,approved
2.4.2.-,P08684,DB00921,illicit
2.4.2.-,P08684,DB00921,investigational
2.4.2.-,P08684,DB00921,vet_approved
2.4.2.-,P08684,DB00932,approved
2.4.2.-,P08684,DB00932,investigational
2.4.2.-,P08684,DB00946,approved
2.4.2.-,P08684,DB00946,investigational
2.4.2.-,P08684,DB00947,approved
2.4.2.-,P08684,DB00947,investigational
2.4.2.-,P08684,DB00951,approved
2.4.2.-,P08684,DB00951,investigational
2.4.2.-,P08684,DB00956,approved
2.4.2.-,P08684,DB00956,illicit
2.4.2.-,P08684,DB00956,investigational
2.4.2.-,P08684,DB00957,approved
2.4.2.-,P08684,DB00957,investigational
2.4.2.-,P08684,DB00959,approved
2.4.2.-,P08684,DB00959,vet_approved
2.4.2.-,P08684,DB00962,approved
2.4.2.-,P08684,DB00962,illicit
2.4.2.-,P08684,DB00962,investigational
2.4.2.-,P08684,DB00969,approved
2.4.2.-,P08684,DB00969,withdrawn
2.4.2.-,P08684,DB00980,approved
2.4.2.-,P08684,DB00980,investigational
2.4.2.-,P08684,DB00986,approved
2.4.2.-,P08684,DB00986,investigational
2.4.2.-,P08684,DB00986,vet_approved
2.4.2.-,P08684,DB00987,approved
2.4.2.-,P08684,DB00987,investigational
2.4.2.-,P08684,DB00990,approved
2.4.2.-,P08684,DB00990,investigational
2.4.2.-,P08684,DB00997,approved
2.4.2.-,P08684,DB00997,investigational
2.4.2.-,P08684,DB01001,approved
2.4.2.-,P08684,DB01001,vet_approved
2.4.2.-,P08684,DB01002,approved
2.4.2.-,P08684,DB01002,investigational
2.4.2.-,P08684,DB01006,approved
2.4.2.-,P08684,DB01006,investigational
2.4.2.-,P08684,DB01008,approved
2.4.2.-,P08684,DB01008,investigational
2.4.2.-,P08684,DB01011,approved
2.4.2.-,P08684,DB01011,investigational
2.4.2.-,P08684,DB01018,approved
2.4.2.-,P08684,DB01018,investigational
2.4.2.-,P08684,DB01023,approved
2.4.2.-,P08684,DB01023,investigational
2.4.2.-,P08684,DB01024,approved
2.4.2.-,P08684,DB01024,investigational
2.4.2.-,P08684,DB01026,approved
2.4.2.-,P08684,DB01026,investigational
2.4.2.-,P08684,DB01028,approved
2.4.2.-,P08684,DB01028,investigational
2.4.2.-,P08684,DB01028,vet_approved
2.4.2.-,P08684,DB01028,withdrawn
2.4.2.-,P08684,DB01029,approved
2.4.2.-,P08684,DB01029,investigational
2.4.2.-,P08684,DB01032,approved
2.4.2.-,P08684,DB01032,investigational
2.4.2.-,P08684,DB01036,approved
2.4.2.-,P08684,DB01036,investigational
2.4.2.-,P08684,DB01037,approved
2.4.2.-,P08684,DB01037,investigational
2.4.2.-,P08684,DB01037,vet_approved
2.4.2.-,P08684,DB01041,approved
2.4.2.-,P08684,DB01041,investigational
2.4.2.-,P08684,DB01041,withdrawn
2.4.2.-,P08684,DB01047,approved
2.4.2.-,P08684,DB01047,investigational
2.4.2.-,P08684,DB01054,approved
2.4.2.-,P08684,DB01054,investigational
2.4.2.-,P08684,DB01058,approved
2.4.2.-,P08684,DB01058,investigational
2.4.2.-,P08684,DB01058,vet_approved
2.4.2.-,P08684,DB01062,approved
2.4.2.-,P08684,DB01062,investigational
2.4.2.-,P08684,DB01068,approved
2.4.2.-,P08684,DB01068,illicit
2.4.2.-,P08684,DB01072,approved
2.4.2.-,P08684,DB01072,investigational
2.4.2.-,P08684,DB01074,approved
2.4.2.-,P08684,DB01074,investigational
2.4.2.-,P08684,DB01083,approved
2.4.2.-,P08684,DB01083,investigational
2.4.2.-,P08684,DB01085,approved
2.4.2.-,P08684,DB01085,investigational
2.4.2.-,P08684,DB01093,approved
2.4.2.-,P08684,DB01093,vet_approved
2.4.2.-,P08684,DB01105,approved
2.4.2.-,P08684,DB01105,illicit
2.4.2.-,P08684,DB01105,investigational
2.4.2.-,P08684,DB01105,withdrawn
2.4.2.-,P08684,DB01110,approved
2.4.2.-,P08684,DB01110,investigational
2.4.2.-,P08684,DB01110,vet_approved
2.4.2.-,P08684,DB01118,approved
2.4.2.-,P08684,DB01118,investigational
2.4.2.-,P08684,DB01129,approved
2.4.2.-,P08684,DB01129,investigational
2.4.2.-,P08684,DB01130,approved
2.4.2.-,P08684,DB01130,investigational
2.4.2.-,P08684,DB01132,approved
2.4.2.-,P08684,DB01132,investigational
2.4.2.-,P08684,DB01134,experimental
2.4.2.-,P08684,DB01134,vet_approved
2.4.2.-,P08684,DB01136,approved
2.4.2.-,P08684,DB01136,investigational
2.4.2.-,P08684,DB01142,approved
2.4.2.-,P08684,DB01142,investigational
2.4.2.-,P08684,DB01149,approved
2.4.2.-,P08684,DB01149,withdrawn
2.4.2.-,P08684,DB01151,approved
2.4.2.-,P08684,DB01151,investigational
2.4.2.-,P08684,DB01152,approved
2.4.2.-,P08684,DB01152,withdrawn
2.4.2.-,P08684,DB01154,approved
2.4.2.-,P08684,DB01154,vet_approved
2.4.2.-,P08684,DB01159,approved
2.4.2.-,P08684,DB01159,vet_approved
2.4.2.-,P08684,DB01166,approved
2.4.2.-,P08684,DB01166,investigational
2.4.2.-,P08684,DB01167,approved
2.4.2.-,P08684,DB01167,investigational
2.4.2.-,P08684,DB01169,approved
2.4.2.-,P08684,DB01169,investigational
2.4.2.-,P08684,DB01174,approved
2.4.2.-,P08684,DB01174,investigational
2.4.2.-,P08684,DB01183,approved
2.4.2.-,P08684,DB01183,vet_approved
2.4.2.-,P08684,DB01184,approved
2.4.2.-,P08684,DB01184,investigational
2.4.2.-,P08684,DB01184,vet_approved
2.4.2.-,P08684,DB01186,approved
2.4.2.-,P08684,DB01186,investigational
2.4.2.-,P08684,DB01186,vet_approved
2.4.2.-,P08684,DB01186,withdrawn
2.4.2.-,P08684,DB01190,approved
2.4.2.-,P08684,DB01190,vet_approved
2.4.2.-,P08684,DB01192,approved
2.4.2.-,P08684,DB01192,investigational
2.4.2.-,P08684,DB01192,vet_approved
2.4.2.-,P08684,DB01196,approved
2.4.2.-,P08684,DB01196,investigational
2.4.2.-,P08684,DB01200,approved
2.4.2.-,P08684,DB01200,investigational
2.4.2.-,P08684,DB01200,withdrawn
2.4.2.-,P08684,DB01201,approved
2.4.2.-,P08684,DB01201,investigational
2.4.2.-,P08684,DB01204,approved
2.4.2.-,P08684,DB01204,investigational
2.4.2.-,P08684,DB01206,approved
2.4.2.-,P08684,DB01206,investigational
2.4.2.-,P08684,DB01215,approved
2.4.2.-,P08684,DB01215,illicit
2.4.2.-,P08684,DB01217,approved
2.4.2.-,P08684,DB01217,investigational
2.4.2.-,P08684,DB01220,approved
2.4.2.-,P08684,DB01220,investigational
2.4.2.-,P08684,DB01221,approved
2.4.2.-,P08684,DB01221,vet_approved
2.4.2.-,P08684,DB01227,approved
2.4.2.-,P08684,DB01227,investigational
2.4.2.-,P08684,DB01227,withdrawn
2.4.2.-,P08684,DB01229,approved
2.4.2.-,P08684,DB01229,vet_approved
2.4.2.-,P08684,DB01232,approved
2.4.2.-,P08684,DB01232,investigational
2.4.2.-,P08684,DB01233,approved
2.4.2.-,P08684,DB01233,investigational
2.4.2.-,P08684,DB01234,approved
2.4.2.-,P08684,DB01234,investigational
2.4.2.-,P08684,DB01234,vet_approved
2.4.2.-,P08684,DB01236,approved
2.4.2.-,P08684,DB01236,vet_approved
2.4.2.-,P08684,DB01238,approved
2.4.2.-,P08684,DB01238,investigational
2.4.2.-,P08684,DB01242,approved
2.4.2.-,P08684,DB01242,investigational
2.4.2.-,P08684,DB01242,vet_approved
2.4.2.-,P08684,DB01244,approved
2.4.2.-,P08684,DB01244,withdrawn
2.4.2.-,P08684,DB01248,approved
2.4.2.-,P08684,DB01248,investigational
2.4.2.-,P08684,DB01254,approved
2.4.2.-,P08684,DB01254,investigational
2.4.2.-,P08684,DB01259,approved
2.4.2.-,P08684,DB01259,investigational
2.4.2.-,P08684,DB01260,approved
2.4.2.-,P08684,DB01260,investigational
2.4.2.-,P08684,DB01261,approved
2.4.2.-,P08684,DB01261,investigational
2.4.2.-,P08684,DB01263,approved
2.4.2.-,P08684,DB01263,investigational
2.4.2.-,P08684,DB01263,vet_approved
2.4.2.-,P08684,DB01268,approved
2.4.2.-,P08684,DB01268,investigational
2.4.2.-,P08684,DB01285,approved
2.4.2.-,P08684,DB01285,investigational
2.4.2.-,P08684,DB01285,vet_approved
2.4.2.-,P08684,DB01320,approved
2.4.2.-,P08684,DB01320,investigational
2.4.2.-,P08684,DB01323,approved
2.4.2.-,P08684,DB01323,investigational
2.4.2.-,P08684,DB01323,nutraceutical
2.4.2.-,P08684,DB01352,experimental
2.4.2.-,P08684,DB01352,illicit
2.4.2.-,P08684,DB01380,approved
2.4.2.-,P08684,DB01380,investigational
2.4.2.-,P08684,DB01381,approved
2.4.2.-,P08684,DB01381,investigational
2.4.2.-,P08684,DB01381,nutraceutical
2.4.2.-,P08684,DB01388,investigational
2.4.2.-,P08684,DB01388,withdrawn
2.4.2.-,P08684,DB01392,approved
2.4.2.-,P08684,DB01392,investigational
2.4.2.-,P08684,DB01392,vet_approved
2.4.2.-,P08684,DB01393,approved
2.4.2.-,P08684,DB01393,investigational
2.4.2.-,P08684,DB01396,approved
2.4.2.-,P08684,DB01396,investigational
2.4.2.-,P08684,DB01410,approved
2.4.2.-,P08684,DB01410,investigational
2.4.2.-,P08684,DB01418,approved
2.4.2.-,P08684,DB01418,investigational
2.4.2.-,P08684,DB01420,approved
2.4.2.-,P08684,DB01420,investigational
2.4.2.-,P08684,DB01420,vet_approved
2.4.2.-,P08684,DB01420,withdrawn
2.4.2.-,P08684,DB01424,approved
2.4.2.-,P08684,DB01424,withdrawn
2.4.2.-,P08684,DB01435,approved
2.4.2.-,P08684,DB01435,investigational
2.4.2.-,P08684,DB01456,experimental
2.4.2.-,P08684,DB01456,illicit
2.4.2.-,P08684,DB01466,experimental
2.4.2.-,P08684,DB01466,illicit
2.4.2.-,P08684,DB01536,experimental
2.4.2.-,P08684,DB01536,illicit
2.4.2.-,P08684,DB01544,approved
2.4.2.-,P08684,DB01544,illicit
2.4.2.-,P08684,DB01551,approved
2.4.2.-,P08684,DB01551,illicit
2.4.2.-,P08684,DB01559,approved
2.4.2.-,P08684,DB01559,illicit
2.4.2.-,P08684,DB01586,approved
2.4.2.-,P08684,DB01586,investigational
2.4.2.-,P08684,DB01588,approved
2.4.2.-,P08684,DB01588,illicit
2.4.2.-,P08684,DB01589,approved
2.4.2.-,P08684,DB01589,illicit
2.4.2.-,P08684,DB01609,approved
2.4.2.-,P08684,DB01609,investigational
2.4.2.-,P08684,DB01621,approved
2.4.2.-,P08684,DB01621,investigational
2.4.2.-,P08684,DB01624,approved
2.4.2.-,P08684,DB01624,investigational
2.4.2.-,P08684,DB01628,approved
2.4.2.-,P08684,DB01628,investigational
2.4.2.-,P08684,DB01698,approved
2.4.2.-,P08684,DB01698,experimental
2.4.2.-,P08684,DB01698,investigational
2.4.2.-,P08684,DB02701,approved
2.4.2.-,P08684,DB02701,investigational
2.4.2.-,P08684,DB02703,approved
2.4.2.-,P08684,DB02703,investigational
2.4.2.-,P08684,DB02789,approved
2.4.2.-,P08684,DB02789,experimental
2.4.2.-,P08684,DB03010,experimental
2.4.2.-,P08684,DB03010,investigational
2.4.2.-,P08684,DB04216,experimental
2.4.2.-,P08684,DB04216,investigational
2.4.2.-,P08684,DB04572,approved
2.4.2.-,P08684,DB04572,investigational
2.4.2.-,P08684,DB04630,experimental
2.4.2.-,P08684,DB04630,investigational
2.4.2.-,P08684,DB04743,approved
2.4.2.-,P08684,DB04743,investigational
2.4.2.-,P08684,DB04743,withdrawn
2.4.2.-,P08684,DB04794,approved
2.4.2.-,P08684,DB04794,investigational
2.4.2.-,P08684,DB04817,approved
2.4.2.-,P08684,DB04817,investigational
2.4.2.-,P08684,DB04817,withdrawn
2.4.2.-,P08684,DB04825,approved
2.4.2.-,P08684,DB04825,withdrawn
2.4.2.-,P08684,DB04829,illicit
2.4.2.-,P08684,DB04829,investigational
2.4.2.-,P08684,DB04829,withdrawn
2.4.2.-,P08684,DB04832,approved
2.4.2.-,P08684,DB04832,withdrawn
2.4.2.-,P08684,DB04833,illicit
2.4.2.-,P08684,DB04833,withdrawn
2.4.2.-,P08684,DB04835,approved
2.4.2.-,P08684,DB04835,investigational
2.4.2.-,P08684,DB04839,approved
2.4.2.-,P08684,DB04839,investigational
2.4.2.-,P08684,DB04842,approved
2.4.2.-,P08684,DB04842,investigational
2.4.2.-,P08684,DB04845,approved
2.4.2.-,P08684,DB04845,investigational
2.4.2.-,P08684,DB04861,approved
2.4.2.-,P08684,DB04861,investigational
2.4.2.-,P08684,DB04868,approved
2.4.2.-,P08684,DB04868,investigational
2.4.2.-,P08684,DB04871,approved
2.4.2.-,P08684,DB04871,withdrawn
2.4.2.-,P08684,DB04894,experimental
2.4.2.-,P08684,DB04894,investigational
2.4.2.-,P08684,DB04896,approved
2.4.2.-,P08684,DB04896,investigational
2.4.2.-,P08684,DB04908,approved
2.4.2.-,P08684,DB04908,investigational
2.4.2.-,P08684,DB04911,approved
2.4.2.-,P08684,DB04911,investigational
2.4.2.-,P08684,DB04920,approved
2.4.2.-,P08684,DB04920,investigational
2.4.2.-,P08684,DB04938,approved
2.4.2.-,P08684,DB04938,investigational
2.4.2.-,P08684,DB04951,approved
2.4.2.-,P08684,DB04951,investigational
2.4.2.-,P08684,DB05015,approved
2.4.2.-,P08684,DB05015,investigational
2.4.2.-,P08684,DB05087,approved
2.4.2.-,P08684,DB05087,investigational
2.4.2.-,P08684,DB05109,approved
2.4.2.-,P08684,DB05109,investigational
2.4.2.-,P08684,DB05239,approved
2.4.2.-,P08684,DB05239,investigational
2.4.2.-,P08684,DB05316,approved
2.4.2.-,P08684,DB05316,investigational
2.4.2.-,P08684,DB05351,approved
2.4.2.-,P08684,DB05351,investigational
2.4.2.-,P08684,DB05467,approved
2.4.2.-,P08684,DB05467,investigational
2.4.2.-,P08684,DB05521,approved
2.4.2.-,P08684,DB05521,withdrawn
2.4.2.-,P08684,DB05541,approved
2.4.2.-,P08684,DB05541,investigational
2.4.2.-,P08684,DB05667,approved
2.4.2.-,P08684,DB05667,investigational
2.4.2.-,P08684,DB05676,approved
2.4.2.-,P08684,DB05676,investigational
2.4.2.-,P08684,DB05773,approved
2.4.2.-,P08684,DB05773,investigational
2.4.2.-,P08684,DB06016,approved
2.4.2.-,P08684,DB06016,investigational
2.4.2.-,P08684,DB06045,approved
2.4.2.-,P08684,DB06045,investigational
2.4.2.-,P08684,DB06077,approved
2.4.2.-,P08684,DB06077,investigational
2.4.2.-,P08684,DB06083,approved
2.4.2.-,P08684,DB06083,investigational
2.4.2.-,P08684,DB06119,approved
2.4.2.-,P08684,DB06119,investigational
2.4.2.-,P08684,DB06137,approved
2.4.2.-,P08684,DB06137,investigational
2.4.2.-,P08684,DB06144,approved
2.4.2.-,P08684,DB06144,investigational
2.4.2.-,P08684,DB06144,withdrawn
2.4.2.-,P08684,DB06148,approved
2.4.2.-,P08684,DB06148,investigational
2.4.2.-,P08684,DB06155,approved
2.4.2.-,P08684,DB06155,investigational
2.4.2.-,P08684,DB06174,approved
2.4.2.-,P08684,DB06174,investigational
2.4.2.-,P08684,DB06176,approved
2.4.2.-,P08684,DB06176,investigational
2.4.2.-,P08684,DB06230,approved
2.4.2.-,P08684,DB06230,investigational
2.4.2.-,P08684,DB06230,withdrawn
2.4.2.-,P08684,DB06234,approved
2.4.2.-,P08684,DB06234,investigational
2.4.2.-,P08684,DB06267,approved
2.4.2.-,P08684,DB06267,investigational
2.4.2.-,P08684,DB06268,approved
2.4.2.-,P08684,DB06268,investigational
2.4.2.-,P08684,DB06268,withdrawn
2.4.2.-,P08684,DB06374,approved
2.4.2.-,P08684,DB06374,investigational
2.4.2.-,P08684,DB06403,approved
2.4.2.-,P08684,DB06403,investigational
2.4.2.-,P08684,DB06412,approved
2.4.2.-,P08684,DB06412,illicit
2.4.2.-,P08684,DB06413,approved
2.4.2.-,P08684,DB06413,investigational
2.4.2.-,P08684,DB06448,approved
2.4.2.-,P08684,DB06448,investigational
2.4.2.-,P08684,DB06595,approved
2.4.2.-,P08684,DB06595,investigational
2.4.2.-,P08684,DB06603,approved
2.4.2.-,P08684,DB06603,investigational
2.4.2.-,P08684,DB06626,approved
2.4.2.-,P08684,DB06626,investigational
2.4.2.-,P08684,DB06636,approved
2.4.2.-,P08684,DB06636,investigational
2.4.2.-,P08684,DB06654,approved
2.4.2.-,P08684,DB06654,investigational
2.4.2.-,P08684,DB06700,approved
2.4.2.-,P08684,DB06700,investigational
2.4.2.-,P08684,DB06712,approved
2.4.2.-,P08684,DB06712,investigational
2.4.2.-,P08684,DB06713,approved
2.4.2.-,P08684,DB06713,investigational
2.4.2.-,P08684,DB06742,approved
2.4.2.-,P08684,DB06742,investigational
2.4.2.-,P08684,DB06786,approved
2.4.2.-,P08684,DB06786,investigational
2.4.2.-,P08684,DB06786,withdrawn
2.4.2.-,P08684,DB06789,approved
2.4.2.-,P08684,DB06789,investigational
2.4.2.-,P08684,DB08815,approved
2.4.2.-,P08684,DB08815,investigational
2.4.2.-,P08684,DB08827,approved
2.4.2.-,P08684,DB08827,investigational
2.4.2.-,P08684,DB08828,approved
2.4.2.-,P08684,DB08828,investigational
2.4.2.-,P08684,DB08865,approved
2.4.2.-,P08684,DB08865,investigational
2.4.2.-,P08684,DB08870,approved
2.4.2.-,P08684,DB08870,investigational
2.4.2.-,P08684,DB08873,approved
2.4.2.-,P08684,DB08873,withdrawn
2.4.2.-,P08684,DB08875,approved
2.4.2.-,P08684,DB08875,investigational
2.4.2.-,P08684,DB08895,approved
2.4.2.-,P08684,DB08895,investigational
2.4.2.-,P08684,DB08901,approved
2.4.2.-,P08684,DB08901,investigational
2.4.2.-,P08684,DB08905,approved
2.4.2.-,P08684,DB08905,investigational
2.4.2.-,P08684,DB08905,withdrawn
2.4.2.-,P08684,DB08912,approved
2.4.2.-,P08684,DB08912,investigational
2.4.2.-,P08684,DB08918,approved
2.4.2.-,P08684,DB08918,investigational
2.4.2.-,P08684,DB08953,investigational
2.4.2.-,P08684,DB08953,withdrawn
2.4.2.-,P08684,DB08971,approved
2.4.2.-,P08684,DB08971,withdrawn
2.4.2.-,P08684,DB08995,approved
2.4.2.-,P08684,DB08995,investigational
2.4.2.-,P08684,DB09017,investigational
2.4.2.-,P08684,DB09017,withdrawn
2.4.2.-,P08684,DB09026,approved
2.4.2.-,P08684,DB09026,investigational
2.4.2.-,P08684,DB09034,approved
2.4.2.-,P08684,DB09034,investigational
2.4.2.-,P08684,DB09036,approved
2.4.2.-,P08684,DB09036,investigational
2.4.2.-,P08684,DB09039,approved
2.4.2.-,P08684,DB09039,investigational
2.4.2.-,P08684,DB09048,approved
2.4.2.-,P08684,DB09048,investigational
2.4.2.-,P08684,DB09061,approved
2.4.2.-,P08684,DB09061,investigational
2.4.2.-,P08684,DB09068,approved
2.4.2.-,P08684,DB09068,investigational
2.4.2.-,P08684,DB09071,approved
2.4.2.-,P08684,DB09071,investigational
2.4.2.-,P08684,DB09073,approved
2.4.2.-,P08684,DB09073,investigational
2.4.2.-,P08684,DB09078,approved
2.4.2.-,P08684,DB09078,investigational
2.4.2.-,P08684,DB09095,approved
2.4.2.-,P08684,DB09095,investigational
2.4.2.-,P08684,DB09095,withdrawn
2.4.2.-,P08684,DB09099,approved
2.4.2.-,P08684,DB09099,investigational
2.4.2.-,P08684,DB09102,approved
2.4.2.-,P08684,DB09102,investigational
2.4.2.-,P08684,DB09124,approved
2.4.2.-,P08684,DB09124,withdrawn
2.4.2.-,P08684,DB09128,approved
2.4.2.-,P08684,DB09128,investigational
2.4.2.-,P08684,DB09143,approved
2.4.2.-,P08684,DB09143,investigational
2.4.2.-,P08684,DB09185,approved
2.4.2.-,P08684,DB09185,investigational
2.4.2.-,P08684,DB09185,withdrawn
2.4.2.-,P08684,DB09200,experimental
2.4.2.-,P08684,DB09200,investigational
2.4.2.-,P08684,DB09205,approved
2.4.2.-,P08684,DB09205,investigational
2.4.2.-,P08684,DB09216,approved
2.4.2.-,P08684,DB09216,investigational
2.4.2.-,P08684,DB09225,approved
2.4.2.-,P08684,DB09225,investigational
2.4.2.-,P08684,DB09225,withdrawn
2.4.2.-,P08684,DB09236,approved
2.4.2.-,P08684,DB09236,investigational
2.4.2.-,P08684,DB09237,approved
2.4.2.-,P08684,DB09237,investigational
2.4.2.-,P08684,DB09238,approved
2.4.2.-,P08684,DB09238,investigational
2.4.2.-,P08684,DB09241,approved
2.4.2.-,P08684,DB09241,investigational
2.4.2.-,P08684,DB09291,approved
2.4.2.-,P08684,DB09291,investigational
2.4.2.-,P08684,DB09297,approved
2.4.2.-,P08684,DB09297,investigational
2.4.2.-,P08684,DB09383,approved
2.4.2.-,P08684,DB09383,investigational
2.4.2.-,P08684,DB09568,approved
2.4.2.-,P08684,DB09568,investigational
2.4.2.-,P08684,DB09570,approved
2.4.2.-,P08684,DB09570,investigational
2.4.2.-,P08684,DB11094,approved
2.4.2.-,P08684,DB11094,nutraceutical
2.4.2.-,P08684,DB11094,vet_approved
2.4.2.-,P08684,DB11130,approved
2.4.2.-,P08684,DB11130,illicit
2.4.2.-,P08684,DB11198,approved
2.4.2.-,P08684,DB11198,investigational
2.4.2.-,P08684,DB11251,approved
2.4.2.-,P08684,DB11251,investigational
2.4.2.-,P08684,DB11560,approved
2.4.2.-,P08684,DB11560,investigational
2.4.2.-,P08684,DB11581,approved
2.4.2.-,P08684,DB11581,investigational
2.4.2.-,P08684,DB11586,approved
2.4.2.-,P08684,DB11586,investigational
2.4.2.-,P08684,DB11586,withdrawn
2.4.2.-,P08684,DB11613,approved
2.4.2.-,P08684,DB11613,investigational
2.4.2.-,P08684,DB11633,approved
2.4.2.-,P08684,DB11633,investigational
2.4.2.-,P08684,DB11637,approved
2.4.2.-,P08684,DB11637,investigational
2.4.2.-,P08684,DB11641,approved
2.4.2.-,P08684,DB11641,investigational
2.4.2.-,P08684,DB11642,approved
2.4.2.-,P08684,DB11642,investigational
2.4.2.-,P08684,DB11652,approved
2.4.2.-,P08684,DB11652,investigational
2.4.2.-,P08684,DB11672,approved
2.4.2.-,P08684,DB11672,investigational
2.4.2.-,P08684,DB11682,approved
2.4.2.-,P08684,DB11682,investigational
2.4.2.-,P08684,DB11689,approved
2.4.2.-,P08684,DB11689,investigational
2.4.2.-,P08684,DB11691,approved
2.4.2.-,P08684,DB11691,investigational
2.4.2.-,P08684,DB11693,approved
2.4.2.-,P08684,DB11693,investigational
2.4.2.-,P08684,DB11697,approved
2.4.2.-,P08684,DB11697,investigational
2.4.2.-,P08684,DB11703,approved
2.4.2.-,P08684,DB11703,investigational
2.4.2.-,P08684,DB11712,approved
2.4.2.-,P08684,DB11712,investigational
2.4.2.-,P08684,DB11718,approved
2.4.2.-,P08684,DB11718,investigational
2.4.2.-,P08684,DB11730,approved
2.4.2.-,P08684,DB11730,investigational
2.4.2.-,P08684,DB11737,experimental
2.4.2.-,P08684,DB11737,investigational
2.4.2.-,P08684,DB11739,approved
2.4.2.-,P08684,DB11739,investigational
2.4.2.-,P08684,DB11742,approved
2.4.2.-,P08684,DB11742,investigational
2.4.2.-,P08684,DB11750,approved
2.4.2.-,P08684,DB11750,experimental
2.4.2.-,P08684,DB11750,investigational
2.4.2.-,P08684,DB11753,approved
2.4.2.-,P08684,DB11753,investigational
2.4.2.-,P08684,DB11757,approved
2.4.2.-,P08684,DB11757,investigational
2.4.2.-,P08684,DB11761,approved
2.4.2.-,P08684,DB11761,investigational
2.4.2.-,P08684,DB11767,approved
2.4.2.-,P08684,DB11767,investigational
2.4.2.-,P08684,DB11791,approved
2.4.2.-,P08684,DB11791,investigational
2.4.2.-,P08684,DB11796,approved
2.4.2.-,P08684,DB11796,investigational
2.4.2.-,P08684,DB11799,approved
2.4.2.-,P08684,DB11799,investigational
2.4.2.-,P08684,DB11800,approved
2.4.2.-,P08684,DB11800,investigational
2.4.2.-,P08684,DB11817,approved
2.4.2.-,P08684,DB11817,investigational
2.4.2.-,P08684,DB11823,approved
2.4.2.-,P08684,DB11823,investigational
2.4.2.-,P08684,DB11828,approved
2.4.2.-,P08684,DB11828,investigational
2.4.2.-,P08684,DB11837,approved
2.4.2.-,P08684,DB11837,investigational
2.4.2.-,P08684,DB11853,approved
2.4.2.-,P08684,DB11853,investigational
2.4.2.-,P08684,DB11886,approved
2.4.2.-,P08684,DB11886,investigational
2.4.2.-,P08684,DB11901,approved
2.4.2.-,P08684,DB11901,investigational
2.4.2.-,P08684,DB11915,approved
2.4.2.-,P08684,DB11915,investigational
2.4.2.-,P08684,DB11921,approved
2.4.2.-,P08684,DB11921,investigational
2.4.2.-,P08684,DB11932,approved
2.4.2.-,P08684,DB11932,investigational
2.4.2.-,P08684,DB11942,approved
2.4.2.-,P08684,DB11942,investigational
2.4.2.-,P08684,DB11943,approved
2.4.2.-,P08684,DB11943,investigational
2.4.2.-,P08684,DB11951,approved
2.4.2.-,P08684,DB11951,investigational
2.4.2.-,P08684,DB11952,approved
2.4.2.-,P08684,DB11952,investigational
2.4.2.-,P08684,DB11963,approved
2.4.2.-,P08684,DB11963,investigational
2.4.2.-,P08684,DB11978,approved
2.4.2.-,P08684,DB11978,investigational
2.4.2.-,P08684,DB11979,approved
2.4.2.-,P08684,DB11979,investigational
2.4.2.-,P08684,DB11986,approved
2.4.2.-,P08684,DB11986,investigational
2.4.2.-,P08684,DB11994,approved
2.4.2.-,P08684,DB11994,investigational
2.4.2.-,P08684,DB12001,approved
2.4.2.-,P08684,DB12001,investigational
2.4.2.-,P08684,DB12010,approved
2.4.2.-,P08684,DB12010,investigational
2.4.2.-,P08684,DB12015,approved
2.4.2.-,P08684,DB12015,investigational
2.4.2.-,P08684,DB12016,approved
2.4.2.-,P08684,DB12016,investigational
2.4.2.-,P08684,DB12020,approved
2.4.2.-,P08684,DB12020,investigational
2.4.2.-,P08684,DB12026,approved
2.4.2.-,P08684,DB12026,investigational
2.4.2.-,P08684,DB12070,approved
2.4.2.-,P08684,DB12070,investigational
2.4.2.-,P08684,DB12095,approved
2.4.2.-,P08684,DB12095,investigational
2.4.2.-,P08684,DB12130,approved
2.4.2.-,P08684,DB12130,investigational
2.4.2.-,P08684,DB12141,approved
2.4.2.-,P08684,DB12141,investigational
2.4.2.-,P08684,DB12147,approved
2.4.2.-,P08684,DB12147,investigational
2.4.2.-,P08684,DB12161,approved
2.4.2.-,P08684,DB12161,investigational
2.4.2.-,P08684,DB12235,approved
2.4.2.-,P08684,DB12235,investigational
2.4.2.-,P08684,DB12236,approved
2.4.2.-,P08684,DB12236,investigational
2.4.2.-,P08684,DB12240,approved
2.4.2.-,P08684,DB12240,investigational
2.4.2.-,P08684,DB12245,approved
2.4.2.-,P08684,DB12245,investigational
2.4.2.-,P08684,DB12255,approved
2.4.2.-,P08684,DB12255,investigational
2.4.2.-,P08684,DB12265,approved
2.4.2.-,P08684,DB12265,investigational
2.4.2.-,P08684,DB12267,approved
2.4.2.-,P08684,DB12267,investigational
2.4.2.-,P08684,DB12278,approved
2.4.2.-,P08684,DB12278,investigational
2.4.2.-,P08684,DB12301,approved
2.4.2.-,P08684,DB12301,investigational
2.4.2.-,P08684,DB12329,approved
2.4.2.-,P08684,DB12329,investigational
2.4.2.-,P08684,DB12332,approved
2.4.2.-,P08684,DB12332,investigational
2.4.2.-,P08684,DB12371,approved
2.4.2.-,P08684,DB12371,investigational
2.4.2.-,P08684,DB12457,approved
2.4.2.-,P08684,DB12457,investigational
2.4.2.-,P08684,DB12471,approved
2.4.2.-,P08684,DB12471,investigational
2.4.2.-,P08684,DB12474,approved
2.4.2.-,P08684,DB12474,investigational
2.4.2.-,P08684,DB12483,approved
2.4.2.-,P08684,DB12483,investigational
2.4.2.-,P08684,DB12489,approved
2.4.2.-,P08684,DB12489,investigational
2.4.2.-,P08684,DB12499,approved
2.4.2.-,P08684,DB12499,investigational
2.4.2.-,P08684,DB12500,approved
2.4.2.-,P08684,DB12500,investigational
2.4.2.-,P08684,DB12513,approved
2.4.2.-,P08684,DB12513,investigational
2.4.2.-,P08684,DB12532,approved
2.4.2.-,P08684,DB12532,investigational
2.4.2.-,P08684,DB12537,approved
2.4.2.-,P08684,DB12537,investigational
2.4.2.-,P08684,DB12543,approved
2.4.2.-,P08684,DB12543,investigational
2.4.2.-,P08684,DB12548,approved
2.4.2.-,P08684,DB12548,investigational
2.4.2.-,P08684,DB12597,approved
2.4.2.-,P08684,DB12597,investigational
2.4.2.-,P08684,DB12612,approved
2.4.2.-,P08684,DB12612,investigational
2.4.2.-,P08684,DB12674,approved
2.4.2.-,P08684,DB12674,investigational
2.4.2.-,P08684,DB12713,approved
2.4.2.-,P08684,DB12713,investigational
2.4.2.-,P08684,DB12808,approved
2.4.2.-,P08684,DB12808,investigational
2.4.2.-,P08684,DB12825,approved
2.4.2.-,P08684,DB12825,investigational
2.4.2.-,P08684,DB12874,approved
2.4.2.-,P08684,DB12874,investigational
2.4.2.-,P08684,DB12887,approved
2.4.2.-,P08684,DB12887,investigational
2.4.2.-,P08684,DB12941,approved
2.4.2.-,P08684,DB12941,investigational
2.4.2.-,P08684,DB12952,approved
2.4.2.-,P08684,DB12952,investigational
2.4.2.-,P08684,DB12978,approved
2.4.2.-,P08684,DB12978,investigational
2.4.2.-,P08684,DB13007,approved
2.4.2.-,P08684,DB13007,investigational
2.4.2.-,P08684,DB13074,approved
2.4.2.-,P08684,DB13074,investigational
2.4.2.-,P08684,DB13141,experimental
2.4.2.-,P08684,DB13141,investigational
2.4.2.-,P08684,DB13293,approved
2.4.2.-,P08684,DB13293,withdrawn
2.4.2.-,P08684,DB13345,approved
2.4.2.-,P08684,DB13345,experimental
2.4.2.-,P08684,DB13500,experimental
2.4.2.-,P08684,DB13500,investigational
2.4.2.-,P08684,DB13746,approved
2.4.2.-,P08684,DB13746,experimental
2.4.2.-,P08684,DB13766,approved
2.4.2.-,P08684,DB13766,experimental
2.4.2.-,P08684,DB13867,approved
2.4.2.-,P08684,DB13867,experimental
2.4.2.-,P08684,DB13874,approved
2.4.2.-,P08684,DB13874,investigational
2.4.2.-,P08684,DB13878,approved
2.4.2.-,P08684,DB13878,investigational
2.4.2.-,P08684,DB13879,approved
2.4.2.-,P08684,DB13879,investigational
2.4.2.-,P08684,DB13941,approved
2.4.2.-,P08684,DB13941,experimental
2.4.2.-,P08684,DB13941,investigational
2.4.2.-,P08684,DB13946,approved
2.4.2.-,P08684,DB13946,investigational
2.4.2.-,P08684,DB13952,approved
2.4.2.-,P08684,DB13952,investigational
2.4.2.-,P08684,DB13952,vet_approved
2.4.2.-,P08684,DB13953,approved
2.4.2.-,P08684,DB13953,investigational
2.4.2.-,P08684,DB13953,vet_approved
2.4.2.-,P08684,DB13954,approved
2.4.2.-,P08684,DB13954,investigational
2.4.2.-,P08684,DB13954,vet_approved
2.4.2.-,P08684,DB13955,approved
2.4.2.-,P08684,DB13955,investigational
2.4.2.-,P08684,DB13955,vet_approved
2.4.2.-,P08684,DB13956,approved
2.4.2.-,P08684,DB13956,investigational
2.4.2.-,P08684,DB13956,vet_approved
2.4.2.-,P08684,DB13961,approved
2.4.2.-,P08684,DB13961,nutraceutical
2.4.2.-,P08684,DB13981,approved
2.4.2.-,P08684,DB13981,investigational
2.4.2.-,P08684,DB13997,approved
2.4.2.-,P08684,DB13997,investigational
2.4.2.-,P08684,DB14009,experimental
2.4.2.-,P08684,DB14009,investigational
2.4.2.-,P08684,DB14055,experimental
2.4.2.-,P08684,DB14055,investigational
2.4.2.-,P08684,DB14185,approved
2.4.2.-,P08684,DB14185,investigational
2.4.2.-,P08684,DB14240,approved
2.4.2.-,P08684,DB14240,experimental
2.4.2.-,P08684,DB14512,approved
2.4.2.-,P08684,DB14512,investigational
2.4.2.-,P08684,DB14512,vet_approved
2.4.2.-,P08684,DB14538,experimental
2.4.2.-,P08684,DB14538,vet_approved
2.4.2.-,P08684,DB14539,approved
2.4.2.-,P08684,DB14539,vet_approved
2.4.2.-,P08684,DB14540,approved
2.4.2.-,P08684,DB14540,vet_approved
2.4.2.-,P08684,DB14541,approved
2.4.2.-,P08684,DB14541,investigational
2.4.2.-,P08684,DB14541,vet_approved
2.4.2.-,P08684,DB14542,approved
2.4.2.-,P08684,DB14542,vet_approved
2.4.2.-,P08684,DB14543,approved
2.4.2.-,P08684,DB14543,vet_approved
2.4.2.-,P08684,DB14544,approved
2.4.2.-,P08684,DB14544,vet_approved
2.4.2.-,P08684,DB14568,approved
2.4.2.-,P08684,DB14568,investigational
2.4.2.-,P08684,DB14583,approved
2.4.2.-,P08684,DB14583,experimental
2.4.2.-,P08684,DB14583,investigational
2.4.2.-,P08684,DB14600,approved
2.4.2.-,P08684,DB14600,vet_approved
2.4.2.-,P08684,DB14631,approved
2.4.2.-,P08684,DB14631,vet_approved
2.4.2.-,P08684,DB14646,approved
2.4.2.-,P08684,DB14646,experimental
2.4.2.-,P08684,DB14646,investigational
2.4.2.-,P08684,DB14649,approved
2.4.2.-,P08684,DB14649,investigational
2.4.2.-,P08684,DB14649,vet_approved
2.4.2.-,P08684,DB14669,approved
2.4.2.-,P08684,DB14669,vet_approved
2.4.2.-,P08684,DB14723,approved
2.4.2.-,P08684,DB14723,investigational
2.4.2.-,P08684,DB14737,experimental
2.4.2.-,P08684,DB14737,investigational
2.4.2.-,P08684,DB14761,approved
2.4.2.-,P08684,DB14761,investigational
2.4.2.-,P08684,DB14881,approved
2.4.2.-,P08684,DB14881,investigational
2.4.2.-,P08684,DB14895,approved
2.4.2.-,P08684,DB14895,investigational
2.4.2.-,P08684,DB14921,approved
2.4.2.-,P08684,DB14921,investigational
2.4.2.-,P08684,DB14962,approved
2.4.2.-,P08684,DB14962,investigational
2.4.2.-,P08684,DB14973,approved
2.4.2.-,P08684,DB14973,investigational
2.4.2.-,P08684,DB14975,approved
2.4.2.-,P08684,DB14975,investigational
2.4.2.-,P08684,DB14984,approved
2.4.2.-,P08684,DB14984,investigational
2.4.2.-,P08684,DB14989,approved
2.4.2.-,P08684,DB14989,investigational
2.4.2.-,P08684,DB14989,withdrawn
2.4.2.-,P08684,DB15011,approved
2.4.2.-,P08684,DB15011,investigational
2.4.2.-,P08684,DB15035,approved
2.4.2.-,P08684,DB15035,investigational
2.4.2.-,P08684,DB15091,approved
2.4.2.-,P08684,DB15091,investigational
2.4.2.-,P08684,DB15102,approved
2.4.2.-,P08684,DB15102,investigational
2.4.2.-,P08684,DB15133,approved
2.4.2.-,P08684,DB15133,investigational
2.4.2.-,P08684,DB15149,approved
2.4.2.-,P08684,DB15149,investigational
2.4.2.-,P08684,DB15233,approved
2.4.2.-,P08684,DB15233,investigational
2.4.2.-,P08684,DB15305,approved
2.4.2.-,P08684,DB15305,investigational
2.4.2.-,P08684,DB15328,approved
2.4.2.-,P08684,DB15328,investigational
2.4.2.-,P08684,DB15444,approved
2.4.2.-,P08684,DB15444,investigational
2.4.2.-,P08684,DB15463,approved
2.4.2.-,P08684,DB15463,investigational
2.4.2.-,P08684,DB15566,approved
2.4.2.-,P08684,DB15566,vet_approved
2.4.2.-,P08684,DB15568,approved
2.4.2.-,P08684,DB15568,investigational
2.4.2.-,P08684,DB15569,approved
2.4.2.-,P08684,DB15569,investigational
2.4.2.-,P08684,DB15685,approved
2.4.2.-,P08684,DB15685,investigational
2.4.2.-,P08684,DB15822,approved
2.4.2.-,P08684,DB15822,investigational
2.4.2.-,P08684,DB16098,approved
2.4.2.-,P08684,DB16098,investigational
2.4.2.-,P08684,DB16165,approved
2.4.2.-,P08684,DB16165,investigational
2.4.2.-,P08684,DB16217,approved
2.4.2.-,P08684,DB16217,investigational
2.4.2.-,P08684,DB16222,approved
2.4.2.-,P08684,DB16222,investigational
2.4.2.-,P08684,DB16226,approved
2.4.2.-,P08684,DB16226,investigational
2.4.2.-,P08684,DB16236,approved
2.4.2.-,P08684,DB16236,investigational
2.4.2.-,P08684,DB16267,approved
2.4.2.-,P08684,DB16267,investigational
2.4.2.-,P08684,DB16390,approved
2.4.2.-,P08684,DB16390,investigational
2.4.2.-,P08684,DB16536,approved
2.4.2.-,P08684,DB16536,experimental
2.4.2.-,P08684,DB16691,approved
2.4.2.-,P08684,DB16691,investigational
2.4.2.-,P08684,DB16703,approved
2.4.2.-,P08684,DB16703,investigational
2.4.2.-,P08684,DB17472,approved
2.4.2.-,P08684,DB17472,investigational
2.4.2.-,P14784,DB00004,approved
2.4.2.-,P14784,DB00004,investigational
2.4.2.-,P14784,DB00074,approved
2.4.2.-,P14784,DB00074,investigational
2.4.2.-,P14784,DB00111,investigational
2.4.2.-,P14784,DB00111,withdrawn
2.4.2.-,P31785,DB00004,approved
2.4.2.-,P31785,DB00004,investigational
2.4.2.-,P51606,DB00141,approved
2.4.2.-,P51606,DB00141,investigational
2.4.2.-,P51606,DB00141,nutraceutical
2.4.2.-,Q53464,DB03568,experimental
2.4.2.-,Q53464,DB03568,investigational
2.4.2.-,Q9NYV7,DB01032,approved
2.4.2.-,Q9NYV7,DB01032,investigational
2.4.2.10,P08870,DB01632,approved
2.4.2.10,P08870,DB01632,experimental
2.4.2.10,P08870,DB01632,investigational
2.4.2.14,Q06203,DB00130,approved
2.4.2.14,Q06203,DB00130,investigational
2.4.2.14,Q06203,DB00130,nutraceutical
2.4.2.14,Q06203,DB01254,approved
2.4.2.14,Q06203,DB01254,investigational
2.4.2.18,Q8VP84,DB01632,approved
2.4.2.18,Q8VP84,DB01632,experimental
2.4.2.18,Q8VP84,DB01632,investigational
2.4.2.19,Q15274,DB00627,approved
2.4.2.19,Q15274,DB00627,investigational
2.4.2.19,Q15274,DB00627,nutraceutical
2.5.1.10,P14324,DB00710,approved
2.5.1.10,P14324,DB00710,investigational
2.5.1.10,P14324,DB00884,approved
2.5.1.10,P14324,DB00884,investigational
2.5.1.10,P22939,DB04160,approved
2.5.1.10,P22939,DB04160,experimental
2.5.1.19,P0A6D3,DB01942,experimental
2.5.1.19,P0A6D3,DB01942,investigational
2.5.1.6,P31153,DB00118,approved
2.5.1.6,P31153,DB00118,investigational
2.5.1.6,P31153,DB00118,nutraceutical
2.5.1.6,P31153,DB00134,approved
2.5.1.6,P31153,DB00134,nutraceutical
2.5.1.6,Q00266,DB00118,approved
2.5.1.6,Q00266,DB00118,investigational
2.5.1.6,Q00266,DB00118,nutraceutical
2.5.1.6,Q00266,DB00134,approved
2.5.1.6,Q00266,DB00134,nutraceutical
2.5.1.6,Q7K6A4,DB11638,approved
2.5.1.6,Q7K6A4,DB11638,experimental
2.5.1.6,Q7K6A4,DB11638,investigational
2.5.1.78,P0AFU8,DB00140,approved
2.5.1.78,P0AFU8,DB00140,investigational
2.5.1.78,P0AFU8,DB00140,nutraceutical
2.5.1.78,P0AFU8,DB00140,vet_approved
2.5.1.9,P0AFU8,DB00140,approved
2.5.1.9,P0AFU8,DB00140,investigational
2.5.1.9,P0AFU8,DB00140,nutraceutical
2.5.1.9,P0AFU8,DB00140,vet_approved
2.6.1.1,P00505,DB00114,approved
2.6.1.1,P00505,DB00114,investigational
2.6.1.1,P00505,DB00114,nutraceutical
2.6.1.1,P00505,DB00128,approved
2.6.1.1,P00505,DB00128,nutraceutical
2.6.1.1,P00505,DB00142,approved
2.6.1.1,P00505,DB00142,nutraceutical
2.6.1.1,P00505,DB00151,approved
2.6.1.1,P00505,DB00151,nutraceutical
2.6.1.1,P00509,DB08845,experimental
2.6.1.1,P00509,DB08845,investigational
2.6.1.1,P00509,DB08845,nutraceutical
2.6.1.1,P17174,DB00114,approved
2.6.1.1,P17174,DB00114,investigational
2.6.1.1,P17174,DB00114,nutraceutical
2.6.1.1,P17174,DB00128,approved
2.6.1.1,P17174,DB00128,nutraceutical
2.6.1.1,P17174,DB00142,approved
2.6.1.1,P17174,DB00142,nutraceutical
2.6.1.1,P17174,DB00151,approved
2.6.1.1,P17174,DB00151,nutraceutical
2.6.1.1,P17174,DB09130,approved
2.6.1.1,P17174,DB09130,investigational
2.6.1.1,P17735,DB00114,approved
2.6.1.1,P17735,DB00114,investigational
2.6.1.1,P17735,DB00114,nutraceutical
2.6.1.1,P17735,DB00120,approved
2.6.1.1,P17735,DB00120,investigational
2.6.1.1,P17735,DB00120,nutraceutical
2.6.1.1,P17735,DB00135,approved
2.6.1.1,P17735,DB00135,investigational
2.6.1.1,P17735,DB00135,nutraceutical
2.6.1.1,P17735,DB00142,approved
2.6.1.1,P17735,DB00142,nutraceutical
2.6.1.1,P95468,DB06819,approved
2.6.1.1,P95468,DB06819,investigational
2.6.1.1,Q2TU84,DB00114,approved
2.6.1.1,Q2TU84,DB00114,investigational
2.6.1.1,Q2TU84,DB00114,nutraceutical
2.6.1.1,Q2TU84,DB00142,approved
2.6.1.1,Q2TU84,DB00142,nutraceutical
2.6.1.16,O94808,DB00130,approved
2.6.1.16,O94808,DB00130,investigational
2.6.1.16,O94808,DB00130,nutraceutical
2.6.1.42,O15382,DB00114,approved
2.6.1.42,O15382,DB00114,investigational
2.6.1.42,O15382,DB00114,nutraceutical
2.6.1.42,O15382,DB00142,approved
2.6.1.42,O15382,DB00142,nutraceutical
2.6.1.42,O15382,DB00149,investigational
2.6.1.42,O15382,DB00149,nutraceutical
2.6.1.42,O15382,DB00167,investigational
2.6.1.42,O15382,DB00167,nutraceutical
2.6.1.42,P54687,DB00114,approved
2.6.1.42,P54687,DB00114,investigational
2.6.1.42,P54687,DB00114,nutraceutical
2.6.1.42,P54687,DB00142,approved
2.6.1.42,P54687,DB00142,nutraceutical
2.6.1.42,P54687,DB00149,investigational
2.6.1.42,P54687,DB00149,nutraceutical
2.6.1.42,P54687,DB00161,approved
2.6.1.42,P54687,DB00161,nutraceutical
2.6.1.42,P54687,DB00167,investigational
2.6.1.42,P54687,DB00167,nutraceutical
2.6.1.42,P54687,DB00996,approved
2.6.1.42,P54687,DB00996,investigational
2.6.1.52,Q9Y617,DB00114,approved
2.6.1.52,Q9Y617,DB00114,investigational
2.6.1.52,Q9Y617,DB00114,nutraceutical
2.6.1.52,Q9Y617,DB00142,approved
2.6.1.52,Q9Y617,DB00142,nutraceutical
2.6.1.6,O15382,DB00114,approved
2.6.1.6,O15382,DB00114,investigational
2.6.1.6,O15382,DB00114,nutraceutical
2.6.1.6,O15382,DB00142,approved
2.6.1.6,O15382,DB00142,nutraceutical
2.6.1.6,O15382,DB00149,investigational
2.6.1.6,O15382,DB00149,nutraceutical
2.6.1.6,O15382,DB00167,investigational
2.6.1.6,O15382,DB00167,nutraceutical
2.6.1.6,P54687,DB00114,approved
2.6.1.6,P54687,DB00114,investigational
2.6.1.6,P54687,DB00114,nutraceutical
2.6.1.6,P54687,DB00142,approved
2.6.1.6,P54687,DB00142,nutraceutical
2.6.1.6,P54687,DB00149,investigational
2.6.1.6,P54687,DB00149,nutraceutical
2.6.1.6,P54687,DB00161,approved
2.6.1.6,P54687,DB00161,nutraceutical
2.6.1.6,P54687,DB00167,investigational
2.6.1.6,P54687,DB00167,nutraceutical
2.6.1.6,P54687,DB00996,approved
2.6.1.6,P54687,DB00996,investigational
2.6.1.67,O15382,DB00114,approved
2.6.1.67,O15382,DB00114,investigational
2.6.1.67,O15382,DB00114,nutraceutical
2.6.1.67,O15382,DB00142,approved
2.6.1.67,O15382,DB00142,nutraceutical
2.6.1.67,O15382,DB00149,investigational
2.6.1.67,O15382,DB00149,nutraceutical
2.6.1.67,O15382,DB00167,investigational
2.6.1.67,O15382,DB00167,nutraceutical
2.6.1.67,P54687,DB00114,approved
2.6.1.67,P54687,DB00114,investigational
2.6.1.67,P54687,DB00114,nutraceutical
2.6.1.67,P54687,DB00142,approved
2.6.1.67,P54687,DB00142,nutraceutical
2.6.1.67,P54687,DB00149,investigational
2.6.1.67,P54687,DB00149,nutraceutical
2.6.1.67,P54687,DB00161,approved
2.6.1.67,P54687,DB00161,nutraceutical
2.6.1.67,P54687,DB00167,investigational
2.6.1.67,P54687,DB00167,nutraceutical
2.6.1.67,P54687,DB00996,approved
2.6.1.67,P54687,DB00996,investigational
2.6.1.85,P05041,DB01942,experimental
2.6.1.85,P05041,DB01942,investigational
2.7.1.26,Q969G6,DB00140,approved
2.7.1.26,Q969G6,DB00140,investigational
2.7.1.26,Q969G6,DB00140,nutraceutical
2.7.1.26,Q969G6,DB00140,vet_approved
2.7.1.26,Q969G6,DB03247,approved
2.7.1.26,Q969G6,DB03247,investigational
2.7.1.26,Q9WZW1,DB03247,approved
2.7.1.26,Q9WZW1,DB03247,investigational
2.7.1.26,Q9WZW1,DB04272,approved
2.7.1.26,Q9WZW1,DB04272,nutraceutical
2.7.1.26,Q9WZW1,DB04272,vet_approved
2.7.1.33,P0A6I3,DB01783,approved
2.7.1.33,P0A6I3,DB01783,nutraceutical
2.7.1.33,P0A6I3,DB01783,vet_approved
2.7.1.33,P0A6I3,DB01992,investigational
2.7.1.33,P0A6I3,DB01992,nutraceutical
2.7.4.14,P30085,DB00709,approved
2.7.4.14,P30085,DB00709,investigational
2.7.4.14,P30085,DB01262,approved
2.7.4.14,P30085,DB01262,investigational
2.7.4.6,P15531,DB00300,approved
2.7.4.6,P15531,DB00300,investigational
2.7.4.6,P15531,DB00640,approved
2.7.4.6,P15531,DB00640,investigational
2.7.4.6,P15531,DB00709,approved
2.7.4.6,P15531,DB00709,investigational
2.7.4.6,P15531,DB00718,approved
2.7.4.6,P15531,DB00718,investigational
2.7.4.6,P15531,DB01262,approved
2.7.4.6,P15531,DB01262,investigational
2.7.4.6,P15531,DB01593,approved
2.7.4.6,P15531,DB01593,investigational
2.7.4.6,P15531,DB09130,approved
2.7.4.6,P15531,DB09130,investigational
2.7.4.6,P15531,DB14126,experimental
2.7.4.6,P15531,DB14126,investigational
2.7.4.6,P15531,DB14487,approved
2.7.4.6,P15531,DB14487,investigational
2.7.4.6,P15531,DB14533,approved
2.7.4.6,P15531,DB14533,investigational
2.7.4.6,P15531,DB14548,approved
2.7.4.6,P15531,DB14548,experimental
2.7.4.6,P22392,DB00640,approved
2.7.4.6,P22392,DB00640,investigational
2.7.4.6,P22392,DB00709,approved
2.7.4.6,P22392,DB00709,investigational
2.7.4.6,P22392,DB00718,approved
2.7.4.6,P22392,DB00718,investigational
2.7.4.6,P22392,DB14126,experimental
2.7.4.6,P22392,DB14126,investigational
2.7.4.8,P9WKE9,DB01942,experimental
2.7.4.8,P9WKE9,DB01942,investigational
2.7.4.8,Q16774,DB00577,approved
2.7.4.8,Q16774,DB00577,investigational
2.7.4.9,P9WKE1,DB04485,experimental
2.7.4.9,P9WKE1,DB04485,investigational
2.7.7.1,P0A753,DB04272,approved
2.7.7.1,P0A753,DB04272,nutraceutical
2.7.7.1,P0A753,DB04272,vet_approved
2.7.7.24,Q9HU22,DB04272,approved
2.7.7.24,Q9HU22,DB04272,nutraceutical
2.7.7.24,Q9HU22,DB04272,vet_approved
2.7.7.24,Q9HU22,DB04485,experimental
2.7.7.24,Q9HU22,DB04485,investigational
2.7.7.3,P0A6I8,DB01992,investigational
2.7.7.3,P0A6I8,DB01992,nutraceutical
3.1.3.-,P00439,DB00120,approved
3.1.3.-,P00439,DB00120,investigational
3.1.3.-,P00439,DB00120,nutraceutical
3.1.3.-,P00439,DB00360,approved
3.1.3.-,P00439,DB00360,investigational
3.1.3.-,P00439,DB04339,approved
3.1.3.-,P00439,DB04339,investigational
3.1.3.-,P00439,DB06262,approved
3.1.3.-,P00439,DB06262,investigational
3.1.3.-,P01189,DB01497,illicit
3.1.3.-,P01189,DB01497,vet_approved
3.1.3.-,P01189,DB01565,experimental
3.1.3.-,P01189,DB01565,illicit
3.1.3.-,P05112,DB12159,approved
3.1.3.-,P05112,DB12159,investigational
3.1.3.-,P05186,DB00165,approved
3.1.3.-,P05186,DB00165,investigational
3.1.3.-,P05186,DB00165,nutraceutical
3.1.3.-,P05186,DB00165,vet_approved
3.1.3.-,P05186,DB01143,approved
3.1.3.-,P05186,DB01143,investigational
3.1.3.-,P05186,DB09498,approved
3.1.3.-,P05186,DB09498,investigational
3.1.3.-,P10696,DB00848,approved
3.1.3.-,P10696,DB00848,investigational
3.1.3.-,P10696,DB00848,vet_approved
3.1.3.-,P10696,DB00848,withdrawn
3.1.3.-,P10696,DB01143,approved
3.1.3.-,P10696,DB01143,investigational
3.1.3.-,P10696,DB09498,approved
3.1.3.-,P10696,DB09498,investigational
3.1.3.-,P10696,DB11091,approved
3.1.3.-,P10696,DB11091,vet_approved
3.1.3.-,P13674,DB00126,approved
3.1.3.-,P13674,DB00126,nutraceutical
3.1.3.-,P13674,DB00139,approved
3.1.3.-,P13674,DB00139,nutraceutical
3.1.3.-,Q04416,DB01992,investigational
3.1.3.-,Q04416,DB01992,nutraceutical
3.1.3.-,Q96KS0,DB00126,approved
3.1.3.-,Q96KS0,DB00126,nutraceutical
3.1.3.-,Q96KS0,DB04847,approved
3.1.3.-,Q96KS0,DB04847,investigational
3.1.3.-,Q96KS0,DB11682,approved
3.1.3.-,Q96KS0,DB11682,investigational
3.1.3.-,Q96KS0,DB12255,approved
3.1.3.-,Q96KS0,DB12255,investigational
3.1.3.-,Q9H6Z9,DB00126,approved
3.1.3.-,Q9H6Z9,DB00126,nutraceutical
3.1.3.-,Q9H6Z9,DB04847,approved
3.1.3.-,Q9H6Z9,DB04847,investigational
3.1.3.-,Q9H6Z9,DB11682,approved
3.1.3.-,Q9H6Z9,DB11682,investigational
3.1.3.-,Q9H6Z9,DB12255,approved
3.1.3.-,Q9H6Z9,DB12255,investigational
3.1.3.11,P09467,DB00131,approved
3.1.3.11,P09467,DB00131,investigational
3.1.3.11,P09467,DB00131,nutraceutical
3.1.3.11,P09467,DB00131,withdrawn
3.1.3.3,P78330,DB01593,approved
3.1.3.3,P78330,DB01593,investigational
3.1.3.3,P78330,DB14487,approved
3.1.3.3,P78330,DB14487,investigational
3.1.3.3,P78330,DB14533,approved
3.1.3.3,P78330,DB14533,investigational
3.1.3.3,P78330,DB14548,approved
3.1.3.3,P78330,DB14548,experimental
3.1.3.3,Q96GD0,DB00114,approved
3.1.3.3,Q96GD0,DB00114,investigational
3.1.3.3,Q96GD0,DB00114,nutraceutical
3.1.3.3,Q96GD0,DB00165,approved
3.1.3.3,Q96GD0,DB00165,investigational
3.1.3.3,Q96GD0,DB00165,nutraceutical
3.1.3.3,Q96GD0,DB00165,vet_approved
3.3.1.1,P23526,DB09130,approved
3.3.1.1,P23526,DB09130,investigational
3.3.1.1,P50250,DB11638,approved
3.3.1.1,P50250,DB11638,experimental
3.3.1.1,P50250,DB11638,investigational
3.6.3.14,P06576,DB04216,experimental
3.6.3.14,P06576,DB04216,investigational
3.6.3.14,P06576,DB08949,approved
3.6.3.14,P06576,DB08949,withdrawn
3.6.3.14,Q76NM6,DB11638,approved
3.6.3.14,Q76NM6,DB11638,experimental
3.6.3.14,Q76NM6,DB11638,investigational
3.6.3.14,Q93050,DB01133,approved
3.6.3.14,Q93050,DB01133,investigational
3.6.3.14,Q93050,DB01133,vet_approved
4.1.1.11,Q05329,DB00142,approved
4.1.1.11,Q05329,DB00142,nutraceutical
4.1.1.11,Q99259,DB00114,approved
4.1.1.11,Q99259,DB00114,investigational
4.1.1.11,Q99259,DB00114,nutraceutical
4.1.1.11,Q99259,DB00142,approved
4.1.1.11,Q99259,DB00142,nutraceutical
4.1.1.11,Q9UGI5,DB00114,approved
4.1.1.11,Q9UGI5,DB00114,investigational
4.1.1.11,Q9UGI5,DB00114,nutraceutical
4.1.1.36,Q96CD2,DB03247,approved
4.1.1.36,Q96CD2,DB03247,investigational
4.1.1.65,Q9UG56,DB00144,investigational
4.1.1.65,Q9UG56,DB00144,nutraceutical
4.1.2.13,P04075,DB01593,approved
4.1.2.13,P04075,DB01593,investigational
4.1.2.13,P04075,DB11638,approved
4.1.2.13,P04075,DB11638,experimental
4.1.2.13,P04075,DB11638,investigational
4.1.2.13,P04075,DB14487,approved
4.1.2.13,P04075,DB14487,investigational
4.1.2.13,P04075,DB14533,approved
4.1.2.13,P04075,DB14533,investigational
4.1.2.13,P04075,DB14548,approved
4.1.2.13,P04075,DB14548,experimental
4.1.2.13,P14223,DB11638,approved
4.1.2.13,P14223,DB11638,experimental
4.1.2.13,P14223,DB11638,investigational
4.1.3.36,P9WNP5,DB01992,investigational
4.1.3.36,P9WNP5,DB01992,nutraceutical
4.2.1.1,O43570,DB00774,approved
4.2.1.1,O43570,DB00774,investigational
4.2.1.1,O43570,DB00774,withdrawn
4.2.1.1,O43570,DB00819,approved
4.2.1.1,O43570,DB00819,vet_approved
4.2.1.1,O43570,DB00909,approved
4.2.1.1,O43570,DB00909,investigational
4.2.1.1,P00915,DB00423,approved
4.2.1.1,P00915,DB00423,vet_approved
4.2.1.1,P00915,DB00774,approved
4.2.1.1,P00915,DB00774,investigational
4.2.1.1,P00915,DB00774,withdrawn
4.2.1.1,P00915,DB00819,approved
4.2.1.1,P00915,DB00819,vet_approved
4.2.1.1,P00915,DB00880,approved
4.2.1.1,P00915,DB00880,vet_approved
4.2.1.1,P00915,DB00909,approved
4.2.1.1,P00915,DB00909,investigational
4.2.1.1,P00915,DB01021,approved
4.2.1.1,P00915,DB01021,vet_approved
4.2.1.1,P00915,DB01031,approved
4.2.1.1,P00915,DB01031,illicit
4.2.1.1,P00915,DB01031,withdrawn
4.2.1.1,P00915,DB01144,approved
4.2.1.1,P00915,DB01144,investigational
4.2.1.1,P00915,DB01593,approved
4.2.1.1,P00915,DB01593,investigational
4.2.1.1,P00915,DB09472,approved
4.2.1.1,P00915,DB09472,vet_approved
4.2.1.1,P00915,DB14487,approved
4.2.1.1,P00915,DB14487,investigational
4.2.1.1,P00918,DB00391,approved
4.2.1.1,P00918,DB00391,investigational
4.2.1.1,P00918,DB00482,approved
4.2.1.1,P00918,DB00482,investigational
4.2.1.1,P00918,DB00580,approved
4.2.1.1,P00918,DB00580,investigational
4.2.1.1,P00918,DB00580,withdrawn
4.2.1.1,P00918,DB00695,approved
4.2.1.1,P00918,DB00695,vet_approved
4.2.1.1,P00918,DB00774,approved
4.2.1.1,P00918,DB00774,investigational
4.2.1.1,P00918,DB00774,withdrawn
4.2.1.1,P00918,DB00819,approved
4.2.1.1,P00918,DB00819,vet_approved
4.2.1.1,P00918,DB00880,approved
4.2.1.1,P00918,DB00880,vet_approved
4.2.1.1,P00918,DB00909,approved
4.2.1.1,P00918,DB00909,investigational
4.2.1.1,P00918,DB01021,approved
4.2.1.1,P00918,DB01021,vet_approved
4.2.1.1,P00918,DB01031,approved
4.2.1.1,P00918,DB01031,illicit
4.2.1.1,P00918,DB01031,withdrawn
4.2.1.1,P00918,DB01144,approved
4.2.1.1,P00918,DB01144,investigational
4.2.1.1,P00918,DB01942,experimental
4.2.1.1,P00918,DB01942,investigational
4.2.1.1,P00918,DB03904,approved
4.2.1.1,P00918,DB03904,investigational
4.2.1.1,P00918,DB09472,approved
4.2.1.1,P00918,DB09472,vet_approved
4.2.1.1,P00918,DB14533,approved
4.2.1.1,P00918,DB14533,investigational
4.2.1.1,P00918,DB14548,approved
4.2.1.1,P00918,DB14548,experimental
4.2.1.1,P07451,DB00391,approved
4.2.1.1,P07451,DB00391,investigational
4.2.1.1,P07451,DB00482,approved
4.2.1.1,P07451,DB00482,investigational
4.2.1.1,P07451,DB00580,approved
4.2.1.1,P07451,DB00580,investigational
4.2.1.1,P07451,DB00580,withdrawn
4.2.1.1,P07451,DB00819,approved
4.2.1.1,P07451,DB00819,vet_approved
4.2.1.1,P07451,DB00909,approved
4.2.1.1,P07451,DB00909,investigational
4.2.1.1,P07451,DB01144,approved
4.2.1.1,P07451,DB01144,investigational
4.2.1.1,P22748,DB00774,approved
4.2.1.1,P22748,DB00774,investigational
4.2.1.1,P22748,DB00774,withdrawn
4.2.1.1,P22748,DB00819,approved
4.2.1.1,P22748,DB00819,vet_approved
4.2.1.1,P22748,DB00909,approved
4.2.1.1,P22748,DB00909,investigational
4.2.1.1,P22748,DB01021,approved
4.2.1.1,P22748,DB01021,vet_approved
4.2.1.1,P22748,DB01144,approved
4.2.1.1,P22748,DB01144,investigational
4.2.1.1,P23280,DB00909,approved
4.2.1.1,P23280,DB00909,investigational
4.2.1.1,P23280,DB06795,approved
4.2.1.1,P23280,DB06795,vet_approved
4.2.1.1,P23280,DB06795,withdrawn
4.2.1.1,P35218,DB00909,approved
4.2.1.1,P35218,DB00909,investigational
4.2.1.1,P43166,DB00774,approved
4.2.1.1,P43166,DB00774,investigational
4.2.1.1,P43166,DB00774,withdrawn
4.2.1.1,P43166,DB00819,approved
4.2.1.1,P43166,DB00819,vet_approved
4.2.1.1,P43166,DB00909,approved
4.2.1.1,P43166,DB00909,investigational
4.2.1.1,P43166,DB01144,approved
4.2.1.1,P43166,DB01144,investigational
4.2.1.1,Q16790,DB00774,approved
4.2.1.1,Q16790,DB00774,investigational
4.2.1.1,Q16790,DB00774,withdrawn
4.2.1.1,Q16790,DB00909,approved
4.2.1.1,Q16790,DB00909,investigational
4.2.1.1,Q8N1Q1,DB00909,approved
4.2.1.1,Q8N1Q1,DB00909,investigational
4.2.1.1,Q9ULX7,DB00819,approved
4.2.1.1,Q9ULX7,DB00819,vet_approved
4.2.1.1,Q9ULX7,DB00909,approved
4.2.1.1,Q9ULX7,DB00909,investigational
4.2.1.1,Q9Y2D0,DB00909,approved
4.2.1.1,Q9Y2D0,DB00909,investigational
4.2.1.24,Q59643,DB01942,experimental
4.2.1.24,Q59643,DB01942,investigational
4.2.1.3,P21399,DB06757,approved
4.2.1.3,P21399,DB06757,nutraceutical
4.2.3.5,P0A2Y7,DB03247,approved
4.2.3.5,P0A2Y7,DB03247,investigational
4.2.3.5,P56122,DB03247,approved
4.2.3.5,P56122,DB03247,investigational
4.3.2.1,P04424,DB00125,investigational
4.3.2.1,P04424,DB00125,nutraceutical
5.1.1.1,P10724,DB03766,approved
5.1.1.1,P10724,DB03766,vet_approved
5.3.1.6,P44725,DB04272,approved
5.3.1.6,P44725,DB04272,nutraceutical
5.3.1.6,P44725,DB04272,vet_approved
5.3.1.8,P39841,DB01942,experimental
5.3.1.8,P39841,DB01942,investigational
5.3.1.9,P06744,DB09130,approved
5.3.1.9,P06744,DB09130,investigational
5.3.1.9,P06744,DB11638,approved
5.3.1.9,P06744,DB11638,experimental
5.3.1.9,P06744,DB11638,investigational
5.5.1.4,Q9NPH2,DB09462,approved
5.5.1.4,Q9NPH2,DB09462,investigational
6.2.1.3,O60488,DB00159,approved
6.2.1.3,O60488,DB00159,nutraceutical
6.2.1.3,O60488,DB00197,approved
6.2.1.3,O60488,DB00197,investigational
6.2.1.3,O60488,DB00197,withdrawn
6.2.1.3,O60488,DB00412,approved
6.2.1.3,O60488,DB00412,investigational
6.2.1.3,P33121,DB00131,approved
6.2.1.3,P33121,DB00131,investigational
6.2.1.3,P33121,DB00131,nutraceutical
6.2.1.3,P33121,DB00131,withdrawn
6.2.1.3,P33121,DB00171,investigational
6.2.1.3,P33121,DB00171,nutraceutical
6.3.1.2,P15104,DB00130,approved
6.3.1.2,P15104,DB00130,investigational
6.3.1.2,P15104,DB00130,nutraceutical
6.3.1.2,P15104,DB00134,approved
6.3.1.2,P15104,DB00134,nutraceutical
6.3.1.2,P15104,DB00142,approved
6.3.1.2,P15104,DB00142,nutraceutical
6.3.1.2,P9WN39,DB04272,approved
6.3.1.2,P9WN39,DB04272,nutraceutical
6.3.1.2,P9WN39,DB04272,vet_approved
6.3.2.17,Q05932,DB00142,approved
6.3.2.17,Q05932,DB00142,nutraceutical
6.3.2.17,Q05932,DB00293,approved
6.3.2.17,Q05932,DB00293,investigational
6.3.2.17,Q05932,DB06813,approved
6.3.2.17,Q05932,DB06813,investigational
6.3.2.5,O60858,DB01497,illicit
6.3.2.5,O60858,DB01497,vet_approved
6.3.2.5,O60858,DB01548,illicit
6.3.2.5,O60858,DB01548,vet_approved
6.3.2.5,O60858,DB01565,experimental
6.3.2.5,O60858,DB01565,illicit
6.3.2.5,P98170,DB04209,approved
6.3.2.5,P98170,DB04209,investigational
6.3.2.5,Q00987,DB01593,approved
6.3.2.5,Q00987,DB01593,investigational
6.3.2.5,Q00987,DB14487,approved
6.3.2.5,Q00987,DB14487,investigational
6.3.2.5,Q00987,DB14533,approved
6.3.2.5,Q00987,DB14533,investigational
6.3.2.5,Q00987,DB14548,approved
6.3.2.5,Q00987,DB14548,experimental
6.3.4.4,P30520,DB00128,approved
6.3.4.4,P30520,DB00128,nutraceutical
6.3.4.4,Q8N142,DB00128,approved
6.3.4.4,Q8N142,DB00128,nutraceutical
6.3.4.5,P00966,DB00125,investigational
6.3.4.5,P00966,DB00125,nutraceutical
6.3.4.5,P00966,DB00128,approved
6.3.4.5,P00966,DB00128,nutraceutical
6.3.4.5,P00966,DB00155,investigational
6.3.4.5,P00966,DB00155,nutraceutical
6.3.4.5,P00966,DB00171,investigational
6.3.4.5,P00966,DB00171,nutraceutical
6.3.5.1,Q6IA69,DB00130,approved
6.3.5.1,Q6IA69,DB00130,investigational
6.3.5.1,Q6IA69,DB00130,nutraceutical
6.3.5.1,Q6IA69,DB00142,approved
6.3.5.1,Q6IA69,DB00142,nutraceutical
6.3.5.2,P04079,DB04272,approved
6.3.5.2,P04079,DB04272,nutraceutical
6.3.5.2,P04079,DB04272,vet_approved
6.3.5.2,P49915,DB00130,approved
6.3.5.2,P49915,DB00130,investigational
6.3.5.2,P49915,DB00130,nutraceutical
6.3.5.2,P49915,DB00142,approved
6.3.5.2,P49915,DB00142,nutraceutical
6.3.5.3,O15067,DB00130,approved
6.3.5.3,O15067,DB00130,investigational
6.3.5.3,O15067,DB00130,nutraceutical
6.3.5.3,O15067,DB00142,approved
6.3.5.3,O15067,DB00142,nutraceutical
6.3.5.5,P27708,DB00128,approved
6.3.5.5,P27708,DB00128,nutraceutical
6.3.5.5,P27708,DB00130,approved
6.3.5.5,P27708,DB00130,investigational
6.3.5.5,P27708,DB00130,nutraceutical
6.4.1.3,P05165,DB00121,approved
6.4.1.3,P05165,DB00121,investigational
6.4.1.3,P05165,DB00121,nutraceutical
6.4.1.3,P05166,DB00121,approved
6.4.1.3,P05166,DB00121,investigational
6.4.1.3,P05166,DB00121,nutraceutical
6.4.1.3,P05166,DB00161,approved
6.4.1.3,P05166,DB00161,nutraceutical
